section,sl_no,S. State/UT No. STATES:,"Dowry Prohibition Act, 1961 | I 45","Dowry Prohibition Act, 1961 | V 46","Dowry Prohibition Act, 1961 | R 47",Immoral Traffic (Prevention) Act 1956 (Women Cases only) | Immoral Traffic (Prevention) Act* 1956 (Total) | I 48,Immoral Traffic (Prevention) Act 1956 (Women Cases only) | Immoral Traffic (Prevention) Act* 1956 (Total) | V 49,Immoral Traffic (Prevention) Act 1956 (Women Cases only) | Immoral Traffic (Prevention) Act* 1956 (Total) | R 50,Immoral Traffic (Prevention) Act 1956 (Women Cases only) | Procuring/Inducing a Person for sake of Prostitution (Sec 5) | I 48A,Immoral Traffic (Prevention) Act 1956 (Women Cases only) | Procuring/Inducing a Person for sake of Prostitution (Sec 5) | V 49A,Immoral Traffic (Prevention) Act 1956 (Women Cases only) | Procuring/Inducing a Person for sake of Prostitution (Sec 5) | R 50A,Immoral Traffic (Prevention) Act 1956 (Women Cases only) | Detaining a Person in Premises where prositution is carried on (Sec 6) | I 48B,Immoral Traffic (Prevention) Act 1956 (Women Cases only) | Detaining a Person in Premises where prositution is carried on (Sec 6) | V 49B,Immoral Traffic (Prevention) Act 1956 (Women Cases only) | Detaining a Person in Premises where prositution is carried on (Sec 6) | R 50B,Immoral Traffic (Prevention) Act 1956 (Women Cases only) | Prostitution in the Vicinity of Public Places (Sec 7) | I 48C,Immoral Traffic (Prevention) Act 1956 (Women Cases only) | Prostitution in the Vicinity of Public Places (Sec 7) | V 49C,Immoral Traffic (Prevention) Act 1956 (Women Cases only) | Prostitution in the Vicinity of Public Places (Sec 7) | R 50C,Immoral Traffic (Prevention) Act 1956 (Women Cases only) | Seducing or Soliciting for Prostitution (Sec 8) | I 48D,Immoral Traffic (Prevention) Act 1956 (Women Cases only) | Seducing or Soliciting for Prostitution (Sec 8) | V 49D,Immoral Traffic (Prevention) Act 1956 (Women Cases only) | Seducing or Soliciting for Prostitution (Sec 8) | R 50D,Immoral Traffic (Prevention) Act 1956 (Women Cases only) | Other Sections of ITP Act | I 48E,Immoral Traffic (Prevention) Act 1956 (Women Cases only) | Other Sections of ITP Act | V 49E,Immoral Traffic (Prevention) Act 1956 (Women Cases only) | Other Sections of ITP Act | R 50E,"Protection of Women From Domestic Violence Act, 2005 | I 51","Protection of Women From Domestic Violence Act, 2005 | V 52","Protection of Women From Domestic Violence Act, 2005 | R 53",Publishing or Transmitting of Material containing Sexually Explicit Act (Sec 67A IT Act) | I,Publishing or Transmitting of Material containing Sexually Explicit Act (Sec 67A IT Act) | V,Publishing or Transmitting of Material containing Sexually Explicit Act (Sec 67A IT Act) | R,"Indecent Representation of Women (Prohibition) Act, 1986 | I","Indecent Representation of Women (Prohibition) Act, 1986 | V","Indecent Representation of Women (Prohibition) Act, 1986 | R",Total SLL Crimes against Women @ | I,Total SLL Crimes against Women @ | V,Total SLL Crimes against Women @ | R,Total Crime against Women (IPC+SLL) | I,Total Crime against Women (IPC+SLL) | V,Total Crime against Women (IPC+SLL) | R
,1,Andhra Pradesh,592,592,2.3,186,215,0.7,67,68,0.3,2,2,0.0,3,4,0.0,2,2,0.0,112,139,0.4,0,0,0.0,7,7,0.0,5,6,0.0,790,820,3.1,16362,16705,63.5
,2,Arunachal Pradesh,0,0,0.0,0,0,0.0,0,0,0.0,0,0,0.0,0,0,0.0,0,0,0.0,0,0,0.0,0,0,0.0,0,0,0.0,0,0,0.0,0,0,0.0,367,376,58.7
,3,Assam,234,234,1.5,65,66,0.4,14,14,0.1,2,3,0.0,3,3,0.0,0,0,0.0,46,46,0.3,2,2,0.0,114,114,0.7,0,0,0.0,415,416,2.6,20869,20890,131.3
,4,Bihar,1058,1058,2.1,50,60,0.1,45,55,0.1,4,4,0.0,1,1,0.0,0,0,0.0,0,0,0.0,171,171,0.3,9,9,0.0,0,0,0.0,1288,1298,2.6,13400,13512,26.6
,5,Chhattisgarh,19,19,0.1,17,18,0.1,4,5,0.0,0,0,0.0,0,0,0.0,0,0,0.0,13,13,0.1,3,3,0.0,17,17,0.1,0,0,0.0,56,57,0.4,5947,6064,45.9
,6,Goa,0,0,0.0,3,4,0.3,2,3,0.2,0,0,0.0,0,0,0.0,0,0,0.0,1,1,0.1,0,0,0.0,1,1,0.1,0,0,0.0,4,5,0.4,371,431,40.5
,7,Gujarat,0,0,0.0,76,90,0.3,54,66,0.2,7,7,0.0,8,10,0.0,4,4,0.0,3,3,0.0,0,0,0.0,14,14,0.0,0,0,0.0,90,104,0.3,8532,8655,28.7
,8,Haryana,8,8,0.1,59,103,0.5,19,32,0.2,7,7,0.1,10,16,0.1,0,0,0.0,23,48,0.2,10,10,0.1,29,29,0.2,0,0,0.0,106,150,0.8,9839,9939,77.8
,9,Himachal Pradesh,1,1,0.0,7,8,0.2,5,6,0.1,0,0,0.0,0,0,0.0,0,0,0.0,2,2,0.1,11,11,0.3,4,4,0.1,0,0,0.0,23,24,0.7,1222,1240,35.2
,10,Jammu & Kashmir,0,0,0.0,1,1,0.0,0,0,0.0,0,0,0.0,0,0,0.0,0,0,0.0,1,1,0.0,0,0,0.0,0,0,0.0,0,0,0.0,1,1,0.0,2850,2869,47.8
,11,Jharkhand,1371,1371,8.3,0,0,0.0,0,0,0.0,0,0,0.0,0,0,0.0,0,0,0.0,0,0,0.0,0,0,0.0,1,1,0.0,0,0,0.0,1372,1372,8.4,5453,5564,33.2
,12,Karnataka,1698,1698,5.5,323,464,1.0,222,333,0.7,13,17,0.0,29,32,0.1,16,21,0.1,43,61,0.1,0,0,0.0,70,70,0.2,0,0,0.0,2091,2232,6.8,14131,14464,45.8
,13,Kerala,3,3,0.0,113,125,0.6,11,15,0.1,0,0,0.0,13,14,0.1,78,82,0.4,11,14,0.1,111,111,0.6,42,42,0.2,2,2,0.0,271,283,1.5,10034,10260,54.9
,14,Madhya Pradesh,26,26,0.1,20,38,0.1,8,17,0.0,2,6,0.0,2,5,0.0,0,0,0.0,8,10,0.0,90,90,0.2,36,36,0.1,0,0,0.0,172,190,0.5,26604,26743,71.1
,15,Maharashtra,38,38,0.1,303,559,0.5,99,150,0.2,3,10,0.0,36,118,0.1,125,223,0.2,40,58,0.1,2,2,0.0,83,83,0.1,0,0,0.0,426,682,0.7,31388,32026,54.6
,16,Manipur,0,0,0.0,0,0,0.0,0,0,0.0,0,0,0.0,0,0,0.0,0,0,0.0,0,0,0.0,0,0,0.0,0,0,0.0,0,0,0.0,0,0,0.0,253,262,19.6
,17,Meghalaya,0,0,0.0,2,2,0.1,2,2,0.1,0,0,0.0,0,0,0.0,0,0,0.0,0,0,0.0,0,0,0.0,2,2,0.1,0,0,0.0,4,4,0.3,372,385,27.0
,18,Mizoram,0,0,0.0,3,4,0.6,2,3,0.4,0,0,0.0,0,0,0.0,1,1,0.2,0,0,0.0,0,0,0.0,0,0,0.0,0,0,0.0,3,4,0.6,120,121,23.2
,19,Nagaland,0,0,0.0,0,0,0.0,0,0,0.0,0,0,0.0,0,0,0.0,0,0,0.0,0,0,0.0,0,0,0.0,0,0,0.0,0,0,0.0,0,0,0.0,105,106,9.2
,20,Odisha,1400,1400,6.6,38,38,0.2,5,5,0.0,0,0,0.0,3,3,0.0,0,0,0.0,30,30,0.1,0,0,0.0,7,7,0.0,3,3,0.0,1448,1448,6.9,17837,18069,84.5
,21,Punjab,5,5,0.0,64,90,0.5,40,54,0.3,0,0,0.0,0,0,0.0,0,0,0.0,24,36,0.2,2,2,0.0,26,26,0.2,0,0,0.0,97,123,0.7,5105,5235,38.0
,22,Rajasthan,3,3,0.0,56,64,0.2,10,10,0.0,4,4,0.0,0,0,0.0,0,0,0.0,42,50,0.1,4,4,0.0,43,44,0.1,8,8,0.0,114,123,0.3,27422,27456,78.3
,23,Sikkim,0,0,0.0,0,0,0.0,0,0,0.0,0,0,0.0,0,0,0.0,0,0,0.0,0,0,0.0,0,0,0.0,0,0,0.0,0,0,0.0,0,0,0.0,153,165,50.3
,24,Tamil Nadu,295,295,0.9,432,606,1.2,308,437,0.9,32,45,0.1,18,26,0.1,12,12,0.0,62,86,0.2,0,0,0.0,27,26,0.1,1,1,0.0,755,928,2.2,4463,4650,12.9
,25,Telangana,4,4,0.0,240,305,1.3,174,227,0.9,12,12,0.1,3,3,0.0,2,2,0.0,49,61,0.3,1,1,0.0,20,20,0.1,2,2,0.0,267,332,1.5,15374,15550,83.7
,26,Tripura,0,0,0.0,0,0,0.0,0,0,0.0,0,0,0.0,0,0,0.0,0,0,0.0,0,0,0.0,0,0,0.0,1,1,0.1,0,0,0.0,1,1,0.1,1013,1018,53.9
,27,Uttar Pradesh,2867,2867,2.8,50,111,0.0,38,53,0.0,10,56,0.0,2,2,0.0,0,0,0.0,0,0,0.0,23,23,0.0,277,277,0.3,16,16,0.0,3233,3294,3.1,49262,49366,47.5
,28,Uttarakhand,27,27,0.5,11,11,0.2,4,4,0.1,1,1,0.0,0,0,0.0,5,5,0.1,1,1,0.0,1,1,0.0,14,15,0.3,0,0,0.0,53,54,1.0,1588,1655,30.4
,29,West Bengal,0,0,0.0,87,197,0.2,30,85,0.1,3,3,0.0,3,4,0.0,0,0,0.0,51,105,0.1,5,5,0.0,64,64,0.1,0,0,0.0,156,266,0.3,32513,33318,71.2
,,TOTAL STATE(S),9649,9649,1.6,2206,3179,0.4,1163,1644,0.2,102,177,0.0,134,241,0.0,245,352,0.0,562,765,0.1,436,436,0.1,908,909,0.2,37,38,0.0,13236,14211,2.2,322949,327094,53.6
UNION TERRITORIES:,30,A & N Islands,0,0,0.0,0,0,0.0,0,0,0.0,0,0,0.0,0,0,0.0,0,0,0.0,0,0,0.0,0,0,0.0,2,2,0.7,0,0,0.0,2,2,0.7,108,110,40.1
UNION TERRITORIES:,31,Chandigarh,1,1,0.1,0,0,0.0,0,0,0.0,0,0,0.0,0,0,0.0,0,0,0.0,0,0,0.0,0,0,0.0,4,4,0.5,0,0,0.0,5,5,0.7,414,428,56.7
UNION TERRITORIES:,32,D&N Haveli,0,0,0.0,0,0,0.0,0,0,0.0,0,0,0.0,0,0,0.0,0,0,0.0,0,0,0.0,0,0,0.0,1,1,0.5,0,0,0.0,1,1,0.5,28,28,14.4
UNION TERRITORIES:,33,Daman & Diu,0,0,0.0,4,6,3.6,4,6,3.6,0,0,0.0,0,0,0.0,0,0,0.0,0,0,0.0,0,0,0.0,0,0,0.0,0,0,0.0,4,6,3.6,41,45,37.3
UNION TERRITORIES:,34,Delhi UT,18,18,0.2,4,4,0.0,3,3,0.0,0,0,0.0,0,0,0.0,1,1,0.0,0,0,0.0,1,1,0.0,15,15,0.2,0,0,0.0,38,38,0.4,15310,15532,160.4
UNION TERRITORIES:,35,Lakshadweep,0,0,0.0,0,0,0.0,0,0,0.0,0,0,0.0,0,0,0.0,0,0,0.0,0,0,0.0,0,0,0.0,0,0,0.0,0,0,0.0,0,0,0.0,9,9,21.4
UNION TERRITORIES:,36,Puducherry,15,15,2.0,0,0,0.0,0,0,0.0,0,0,0.0,0,0,0.0,0,0,0.0,0,0,0.0,0,0,0.0,0,0,0.0,1,1,0.1,16,16,2.2,95,100,12.8
UNION TERRITORIES:,,TOTAL UT(S),34,34,0.3,8,10,0.1,7,9,0.1,0,0,0.0,0,0,0.0,1,1,0.0,0,0,0.0,1,1,0.0,22,22,0.2,1,1,0.0,66,68,0.6,16005,16252,137.6
UNION TERRITORIES:,,TOTAL (ALL INDIA),9683,9683,1.6,2214,3189,0.4,1170,1653,0.2,102,177,0.0,134,241,0.0,246,353,0.0,562,765,0.1,437,437,0.1,930,931,0.2,38,39,0.0,13302,14279,2.2,338954,343346,55.2
