section,sl_no,State/UT,2014,2015,2016,Percentage Share of State/UT (2016),Rank Based on Incidence / % share (2016),Mid-Year Projected Population (In Lakhs) (2016) +,Rate of Cognizable Crimes (IPC) (2016)++,Rank Based on Crime Rate (2016)
STATES:,1,Andhra Pradesh,114604,110693,106774,3.6,13,517.4,206.4,15
STATES:,2,Arunachal Pradesh,2843,2968,2534,0.1,29,13.2,192.3,17
STATES:,3,Assam,94337,103616,102250,3.4,14,325.8,313.9,5
STATES:,4,Bihar,177595,176973,164163,5.5,9,1043.0,157.4,22
STATES:,5,Chhattisgarh,58200,56692,55029,1.8,17,259.9,211.7,14
STATES:,6,Goa,4466,3074,2692,0.1,28,19.9,135.6,25
STATES:,7,Gujarat,131385,126935,147122,4.9,11,630.8,233.2,11
STATES:,8,Haryana,79947,84466,88527,3.0,15,276.1,320.6,4
STATES:,9,Himachal Pradesh,14160,14007,13386,0.4,21,71.2,188.1,20
STATES:,10,Jammu & Kashmir,23848,23583,24501,0.8,20,124.6,196.6,16
STATES:,11,Jharkhand,45335,45050,40710,1.4,18,338.0,120.4,30
STATES:,12,Karnataka,137338,138847,148402,5.0,10,625.7,237.2,10
STATES:,13,Kerala,206789,257074,260097,8.7,4,357.5,727.6,2
STATES:,14,Madhya Pradesh,272423,268614,264418,8.9,2,782.6,337.9,3
STATES:,15,Maharashtra,249834,275414,261714,8.8,3,1205.5,217.1,13
STATES:,16,Manipur,3641,3847,3170,0.1,26,26.0,121.9,28
STATES:,17,Meghalaya,3679,4079,3366,0.1,25,27.8,120.9,29
STATES:,18,Mizoram,2140,2228,2425,0.1,30,10.7,227.3,12
STATES:,19,Nagaland,1157,1302,1376,0.0,31,23.9,57.6,34
STATES:,20,Odisha,74569,83360,81460,2.7,16,425.9,191.3,18
STATES:,21,Punjab,37162,37983,40007,1.3,19,292.0,137.0,24
STATES:,22,Rajasthan,210418,198080,180398,6.1,6,732.8,246.2,8
STATES:,23,Sikkim,1065,766,809,0.0,32,6.5,124.7,27
STATES:,24,Tamil Nadu,193200,187558,179896,6.0,7,695.2,258.8,7
STATES:,25,Telangana,106830,106282,108991,3.7,12,368.5,295.7,6
STATES:,26,Tripura,5499,4692,3933,0.1,24,38.4,102.4,31
STATES:,27,Uttar Pradesh,240475,241920,282171,9.5,1,2192.4,128.7,26
STATES:,28,Uttarakhand,9156,10248,10867,0.4,22,106.8,101.8,32
STATES:,29,West Bengal,185672,179501,176569,5.9,8,938.3,188.2,19
STATES:,,TOTAL STATE(S),2687767,2749852,2757757,92.7,,12476.2,221.0,
UNION TERRITORIES:,30,A & N Islands,746,862,802,0.0,33,5.5,144.8,23
UNION TERRITORIES:,31,Chandigarh,3221,3248,2996,0.1,27,18.0,166.4,21
UNION TERRITORIES:,32,D&N Haveli,277,269,244,0.0,35,4.3,57.4,35
UNION TERRITORIES:,33,Daman & Diu,233,302,271,0.0,34,3.3,81.1,33
UNION TERRITORIES:,34,Delhi UT,155654,191377,209519,7.0,5,214.9,974.9,1
UNION TERRITORIES:,35,Lakshadweep,81,50,36,0.0,36,0.8,43.9,36
UNION TERRITORIES:,36,Puducherry,3584,3440,4086,0.1,23,16.8,242.8,9
UNION TERRITORIES:,,TOTAL UT(S),163796,199548,217954,7.3,,263.7,826.5,
UNION TERRITORIES:,,TOTAL (ALL INDIA),2851563,2949400,2975711,100.0,,12739.9,233.6,
