section,sl_no,State/UT,Dowry Deaths (Sec.304B IPC) | I,Dowry Deaths (Sec.304B IPC) | V,Dowry Deaths (Sec.304B IPC) | R,Abetment of Suicide of Women (Sec.306 IPC) | I,Abetment of Suicide of Women (Sec.306 IPC) | V,Abetment of Suicide of Women (Sec.306 IPC) | R,Causing miscarriage without women's consent (Sec.313 IPC) | I,Causing miscarriage without women's consent (Sec.313 IPC) | V,Causing miscarriage without women's consent (Sec.313 IPC) | R,Deaths caused by act done with intent to cause miscarriage (Sec.314 IPC) | I,Deaths caused by act done with intent to cause miscarriage (Sec.314 IPC) | V,Deaths caused by act done with intent to cause miscarriage (Sec.314 IPC) | R,Acid Attack (Sec. 326 A IPC) & Attempt to Acid Attack (Sec. 326 B IPC) | I,Acid Attack (Sec. 326 A IPC) & Attempt to Acid Attack (Sec. 326 B IPC) | V,Acid Attack (Sec. 326 A IPC) & Attempt to Acid Attack (Sec. 326 B IPC) | R,Cruelty by Husband or his relatives (Sec. 498 A) | I,Cruelty by Husband or his relatives (Sec. 498 A) | V,Cruelty by Husband or his relatives (Sec. 498 A) | R,Kidnapping & Abduction of Women | Kidnapping & Abduction of Women (Total) | I 21,Kidnapping & Abduction of Women | Kidnapping & Abduction of Women (Total) | V 22,Kidnapping & Abduction of Women | Kidnapping & Abduction of Women (Total) | R 23,Kidnapping & Abduction of Women | Kidnapping & Abduction (Sec.363 IPC) | I 21A,Kidnapping & Abduction of Women | Kidnapping & Abduction (Sec.363 IPC) | V 22A,Kidnapping & Abduction of Women | Kidnapping & Abduction (Sec.363 IPC) | R 23A,Kidnapping & Abduction of Women | Kidnapping & Abduction in order to Murder (Sec. 364 IPC) | I 21B,Kidnapping & Abduction of Women | Kidnapping & Abduction in order to Murder (Sec. 364 IPC) | V 22B,Kidnapping & Abduction of Women | Kidnapping & Abduction in order to Murder (Sec. 364 IPC) | R 23B,Kidnapping & Abduction of Women | Kidnapping for Ransom (Sec. 364A IPC) | I 21C,Kidnapping & Abduction of Women | Kidnapping for Ransom (Sec. 364A IPC) | V 22C,Kidnapping & Abduction of Women | Kidnapping for Ransom (Sec. 364A IPC) | R 23C,Kidnapping & Abduction of Women | Kidnapping & Abduction to Compel Women for Marriage (Sec. 366 IPC) | I 21D,Kidnapping & Abduction of Women | Kidnapping & Abduction to Compel Women for Marriage (Sec. 366 IPC) | V 22D,Kidnapping & Abduction of Women | Kidnapping & Abduction to Compel Women for Marriage (Sec. 366 IPC) | R 23D,"Kidnapping & Abduction of Women | Other Kidnapping & Abduction (Female) (Sec. 363A, 365, 366A, 366B, 367, 368 & 369 IPC) | I 21E","Kidnapping & Abduction of Women | Other Kidnapping & Abduction (Female) (Sec. 363A, 365, 366A, 366B, 367, 368 & 369 IPC) | V 22E","Kidnapping & Abduction of Women | Other Kidnapping & Abduction (Female) (Sec. 363A, 365, 366A, 366B, 367, 368 & 369 IPC) | R 23E",Human Trafficking (Sec. 370 & 370A IPC) (Female) * | I 24,Human Trafficking (Sec. 370 & 370A IPC) (Female) * | V 25,Human Trafficking (Sec. 370 & 370A IPC) (Female) * | R 26,Rape * | Rape (Total ) | I 27,Rape * | Rape (Total ) | V 28,Rape * | Rape (Total ) | R 29,Rape * | Rape (Sec. 376 IPC) | I 27A,Rape * | Rape (Sec. 376 IPC) | V 28A,Rape * | Rape (Sec. 376 IPC) | R 29A,Rape * | Gang Rape (Sec. 376D IPC) | I 27B,Rape * | Gang Rape (Sec. 376D IPC) | V 28B,Rape * | Gang Rape (Sec. 376D IPC) | R 29B,Rape Custodial Rape * (Sec. 376C IPC) | I 27C,Rape Custodial Rape * (Sec. 376C IPC) | V 28C,Rape Custodial Rape * (Sec. 376C IPC) | R 29C,Attempt to Commit Rape (Sec. 376/511 IPC) | I 30,Attempt to Commit Rape (Sec. 376/511 IPC) | V 31,Attempt to Commit Rape (Sec. 376/511 IPC) | R 32,Unnatural Offences (Sec. 377 IPC) | I 33,Unnatural Offences (Sec. 377 IPC) | V 34,Unnatural Offences (Sec. 377 IPC) | R 35,Assault On Women With Intent To Outrage Her Modesty | Assault On Women (Total) | I 36,Assault On Women With Intent To Outrage Her Modesty | Assault On Women (Total) | V 37,Assault On Women With Intent To Outrage Her Modesty | Assault On Women (Total) | R 38,Assault On Women With Intent To Outrage Her Modesty | Assault On Women (Sec. 354 IPC) | I 36A,Assault On Women With Intent To Outrage Her Modesty | Assault On Women (Sec. 354 IPC) | V 37A,Assault On Women With Intent To Outrage Her Modesty | Assault On Women (Sec. 354 IPC) | R 38A,Assault On Women With Intent To Outrage Her Modesty | Sexual Harrassment (Sec. 354 A IPC) | I 36B,Assault On Women With Intent To Outrage Her Modesty | Sexual Harrassment (Sec. 354 A IPC) | V 37B,Assault On Women With Intent To Outrage Her Modesty | Sexual Harrassment (Sec. 354 A IPC) | R 38B,Assault On Women With Intent To Outrage Her Modesty | Assault or Use of Criminal Force to Women With Intent to Disrobe (Sec. 354 B IPC) | I 36C,Assault On Women With Intent To Outrage Her Modesty | Assault or Use of Criminal Force to Women With Intent to Disrobe (Sec. 354 B IPC) | V 37C,Assault On Women With Intent To Outrage Her Modesty | Assault or Use of Criminal Force to Women With Intent to Disrobe (Sec. 354 B IPC) | R 38C,Assault On Women With Intent To Outrage Her Modesty | Voyeurism (Sec. 354 C IPC) | I 36D,Assault On Women With Intent To Outrage Her Modesty | Voyeurism (Sec. 354 C IPC) | V 37D,Assault On Women With Intent To Outrage Her Modesty | Voyeurism (Sec. 354 C IPC) | R 38D,Assault On Women With Intent To Outrage Her Modesty | Stalking (Sec. 354 D IPC) | I 36E,Assault On Women With Intent To Outrage Her Modesty | Stalking (Sec. 354 D IPC) | V 37E,Assault On Women With Intent To Outrage Her Modesty | Stalking (Sec. 354 D IPC) | R 38E,Insult to Modesty of Women (Sec. 509 IPC) | I 39,Insult to Modesty of Women (Sec. 509 IPC) | V 40,Insult to Modesty of Women (Sec. 509 IPC) | R 41,Total IPC Crimes* against Women | I 42,Total IPC Crimes* against Women | V 43,Total IPC Crimes* against Women | R 44
STATES:,1,Andhra Pradesh,193,194,0.7,405,405,1.6,3,3,0.0,0,0,0.0,9,9,0.0,6461,6466,25.1,626,639,2.4,349,353,1.4,3,3,0.0,4,4,0.0,163,163,0.6,107,116,0.4,31,39,0.1,994,995,3.9,979,980,3.8,15,15,0.1,0,0,0.0,190,190,0.7,0,0,0.0,4829,5114,18.7,2356,2632,9.1,1305,1312,5.1,446,448,1.7,83,83,0.3,639,639,2.5,1831,1831,7.1,15572,15885,60.4
STATES:,2,Arunachal Pradesh,1,1,0.2,4,4,0.6,0,0,0.0,0,0,0.0,0,0,0.0,50,51,7.9,85,91,13.5,28,30,4.4,0,0,0.0,1,1,0.2,19,19,3.0,37,41,5.9,1,1,0.2,92,92,14.7,90,90,14.4,2,2,0.3,0,0,0.0,15,15,2.4,0,0,0.0,109,111,17.4,99,101,15.8,4,4,0.6,3,3,0.5,1,1,0.2,2,2,0.3,10,10,1.6,367,376,58.3
STATES:,3,Assam,157,157,1.0,0,0,0.0,0,0,0.0,0,0,0.0,9,9,0.1,9321,9321,58.7,5339,5342,33.6,189,192,1.2,7,7,0.0,7,7,0.0,4706,4706,29.6,430,430,2.7,67,84,0.4,1779,1779,11.2,1748,1748,11.0,31,31,0.2,0,0,0.0,370,370,2.3,0,0,0.0,3378,3378,21.3,1645,1645,10.4,677,677,4.3,937,937,5.9,31,31,0.2,88,88,0.6,34,34,0.2,20454,20474,128.7
STATES:,4,Bihar,987,987,2.0,0,0,0.0,0,0,0.0,0,0,0.0,2,2,0.0,3794,3794,7.5,5496,5595,10.9,177,228,0.4,50,50,0.1,2,2,0.0,4323,4324,8.6,944,991,1.9,9,12,0.0,1008,1008,2.0,1000,1000,2.0,8,8,0.0,0,0,0.0,321,321,0.6,4,4,0.0,324,324,0.6,145,145,0.3,124,124,0.2,44,44,0.1,7,7,0.0,4,4,0.0,167,167,0.3,12112,12214,24.0
STATES:,5,Chhattisgarh,84,84,0.6,189,189,1.5,0,0,0.0,2,2,0.0,0,0,0.0,622,623,4.8,1447,1527,11.2,927,984,7.2,1,1,0.0,1,1,0.0,359,360,2.8,159,181,1.2,28,59,0.2,1626,1627,12.6,1572,1573,12.1,54,54,0.4,0,0,0.0,20,20,0.2,2,2,0.0,1770,1773,13.7,1115,1116,8.6,244,246,1.9,329,329,2.5,11,11,0.1,71,71,0.5,101,101,0.8,5891,6007,45.5
STATES:,6,Goa,2,2,0.2,1,1,0.1,0,0,0.0,0,0,0.0,1,2,0.1,23,23,2.5,69,81,7.5,59,68,6.4,0,0,0.0,0,0,0.0,0,0,0.0,10,13,1.1,35,75,3.8,61,61,6.7,61,61,6.7,0,0,0.0,0,0,0.0,0,0,0.0,0,0,0.0,143,146,15.6,76,78,8.3,41,42,4.5,5,5,0.5,2,2,0.2,19,19,2.1,32,35,3.5,367,426,39.9
STATES:,7,Gujarat,12,12,0.0,270,271,0.9,1,1,0.0,0,0,0.0,9,9,0.0,3732,3738,12.5,2146,2241,7.2,893,957,3.0,1,1,0.0,3,3,0.0,1143,1149,3.8,106,131,0.4,0,0,0.0,982,986,3.3,966,970,3.2,14,14,0.0,2,2,0.0,5,5,0.0,2,2,0.0,1224,1227,4.1,548,549,1.8,473,474,1.6,86,87,0.3,30,30,0.1,87,87,0.3,59,59,0.2,8442,8551,28.3
STATES:,8,Haryana,260,260,2.1,123,123,1.0,1,1,0.0,1,1,0.0,11,11,0.1,3313,3314,26.2,2697,2744,21.3,100,103,0.8,5,8,0.0,4,5,0.0,818,821,6.5,1770,1807,14.0,11,11,0.1,1187,1189,9.4,996,998,7.9,191,191,1.5,0,0,0.0,137,137,1.1,8,8,0.1,1860,1864,14.7,545,545,4.3,699,700,5.5,273,276,2.2,22,22,0.2,321,321,2.5,124,126,1.0,9733,9789,76.9
STATES:,9,Himachal Pradesh,3,3,0.1,66,66,1.9,1,1,0.0,0,0,0.0,0,0,0.0,214,214,6.2,201,211,5.8,18,22,0.5,0,0,0.0,0,0,0.0,165,171,4.8,18,18,0.5,0,0,0.0,252,258,7.3,248,254,7.1,4,4,0.1,0,0,0.0,3,3,0.1,0,0,0.0,410,411,11.8,223,224,6.4,114,114,3.3,10,10,0.3,3,3,0.1,60,60,1.7,49,49,1.4,1199,1216,34.6
STATES:,10,Jammu & Kashmir,6,6,0.1,65,65,1.1,0,0,0.0,0,0,0.0,0,0,0.0,342,342,5.7,774,774,13.0,293,293,4.9,0,0,0.0,0,0,0.0,197,197,3.3,284,284,4.8,0,0,0.0,256,256,4.3,255,255,4.3,1,1,0.0,0,0,0.0,17,17,0.3,1,1,0.0,1235,1254,20.7,883,883,14.8,253,272,4.2,91,91,1.5,1,1,0.0,7,7,0.1,153,153,2.6,2849,2868,47.8
STATES:,11,Jharkhand,278,278,1.7,3,3,0.0,0,0,0.0,0,0,0.0,0,0,0.0,1002,1002,6.1,693,769,4.2,28,28,0.2,1,1,0.0,3,3,0.0,616,616,3.8,45,121,0.3,137,171,0.8,1109,1110,6.8,1032,1033,6.3,77,77,0.5,0,0,0.0,179,179,1.1,0,0,0.0,667,667,4.1,151,151,0.9,373,373,2.3,129,129,0.8,1,1,0.0,13,13,0.1,13,13,0.1,4081,4192,24.9
STATES:,12,Karnataka,234,234,0.8,218,220,0.7,2,2,0.0,0,0,0.0,4,4,0.0,2556,2567,8.3,1923,2023,6.2,1475,1557,4.8,1,1,0.0,10,12,0.0,178,178,0.6,259,275,0.8,11,21,0.0,1655,1671,5.4,1635,1650,5.3,20,21,0.1,0,0,0.0,16,16,0.1,1,1,0.0,5260,5313,17.0,3711,3743,12.0,703,716,2.3,675,682,2.2,36,36,0.1,135,136,0.4,160,160,0.5,12040,12232,39.0
STATES:,13,Kerala,25,25,0.1,22,22,0.1,0,0,0.0,0,0,0.0,9,9,0.0,3455,3462,18.9,166,173,0.9,53,56,0.3,0,0,0.0,2,2,0.0,55,56,0.3,56,59,0.3,18,189,0.1,1656,1661,9.1,1637,1642,9.0,19,19,0.1,0,0,0.0,42,42,0.2,13,13,0.1,4029,4052,22.1,2277,2290,12.5,1273,1280,7.0,301,304,1.6,46,46,0.3,132,132,0.7,328,329,1.8,9763,9977,53.4
STATES:,14,Madhya Pradesh,629,629,1.7,565,565,1.5,0,0,0.0,0,0,0.0,4,4,0.0,6264,6264,16.8,4904,4994,13.1,2489,2565,6.7,2,2,0.0,2,2,0.0,1975,1978,5.3,436,447,1.2,35,36,0.1,4882,4908,13.1,4656,4682,12.4,226,226,0.6,0,0,0.0,63,64,0.2,11,11,0.0,8717,8720,23.3,4486,4488,12.0,3128,3129,8.4,190,190,0.9,93,93,0.3,820,820,2.0,358,358,1.0,26432,26553,70.7
STATES:,15,Maharashtra,248,248,0.4,756,768,1.3,2,2,0.0,0,0,0.0,2,2,0.0,7215,7215,12.6,6170,6417,10.7,4422,4595,7.7,4,4,0.0,5,5,0.0,1038,1050,1.8,701,763,1.2,12,13,0.0,4189,4216,7.3,4093,4120,7.1,96,96,0.2,0,0,0.0,12,12,0.0,36,39,0.1,11396,11454,19.8,5225,5241,9.1,4057,4071,7.1,400,404,0.7,127,127,0.2,1587,1611,2.8,924,958,1.6,30962,31344,53.9
STATES:,16,Manipur,0,0,0.0,0,0,0.0,0,0,0.0,0,0,0.0,0,0,0.0,29,31,2.2,95,101,7.4,2,2,0.2,0,0,0.0,0,0,0.0,75,77,5.8,18,22,1.4,1,1,0.1,55,55,4.3,55,55,4.3,0,0,0.0,0,0,0.0,3,3,0.2,0,0,0.0,65,66,5.0,35,35,2.7,15,16,1.2,9,9,0.7,1,1,0.1,5,5,0.4,5,5,0.4,253,262,19.6
STATES:,17,Meghalaya,0,0,0.0,0,0,0.0,0,0,0.0,0,0,0.0,0,0,0.0,26,26,1.9,51,60,3.7,19,23,1.4,0,0,0.0,4,4,0.3,7,7,0.5,21,26,1.5,1,1,0.1,190,194,13.8,188,190,13.6,2,4,0.1,0,0,0.0,15,15,1.1,0,0,0.0,68,68,4.9,43,43,3.1,20,20,1.4,3,3,0.2,1,1,0.1,1,1,0.1,17,17,1.2,368,381,26.7
STATES:,18,Mizoram,0,0,0.0,0,0,0.0,0,0,0.0,0,0,0.0,0,0,0.0,19,19,3.7,3,3,0.6,2,2,0.4,0,0,0.0,0,0,0.0,1,1,0.2,0,0,0.0,0,0,0.0,23,23,4.4,20,20,3.9,2,2,0.4,1,1,0.2,0,0,0.0,0,0,0.0,71,71,13.7,10,10,1.9,44,44,8.5,12,12,2.3,1,1,0.2,4,4,0.8,1,1,0.2,117,117,22.5
STATES:,19,Nagaland,1,1,0.1,0,0,0.0,0,0,0.0,0,0,0.0,0,0,0.0,3,3,0.3,50,51,4.4,44,45,3.9,0,0,0.0,1,1,0.1,1,1,0.1,4,4,0.4,0,0,0.0,26,26,2.3,25,25,2.2,1,1,0.1,0,0,0.0,3,3,0.3,0,0,0.0,14,14,1.2,2,2,0.2,6,6,0.5,5,5,0.4,0,0,0.0,1,1,0.1,8,8,0.7,105,106,9.2
STATES:,20,Odisha,397,397,1.9,5,5,0.0,0,0,0.0,0,0,0.0,12,12,0.1,2781,2781,13.2,2291,2442,10.9,1205,1282,5.7,0,0,0.0,3,3,0.0,772,772,3.7,311,385,1.5,69,132,0.3,1983,1984,9.4,1899,1900,9.0,84,84,0.4,0,0,0.0,161,161,0.8,1,1,0.0,8252,8269,39.1,4864,4871,23.1,979,979,4.6,2107,2117,10.0,52,52,0.2,250,250,1.2,437,437,2.1,16389,16621,77.7
STATES:,21,Punjab,80,80,0.6,170,174,1.3,0,0,0.0,0,0,0.0,6,13,0.0,1568,1568,11.7,1208,1286,9.0,25,32,0.2,2,2,0.0,2,2,0.0,960,966,7.1,219,284,1.6,1,1,0.0,838,840,6.2,808,810,6.0,30,30,0.2,0,0,0.0,95,95,0.7,7,7,0.1,1025,1038,7.6,483,484,3.6,325,325,2.4,97,97,0.7,21,21,0.2,99,111,0.7,10,10,0.1,5008,5112,37.3
STATES:,22,Rajasthan,462,462,1.3,167,167,0.5,0,0,0.0,0,0,0.0,2,2,0.0,13811,13814,39.4,4010,4028,11.5,891,901,2.5,0,0,0.0,1,1,0.0,1979,1979,5.7,1139,1147,3.3,1,1,0.0,3656,3657,10.4,3291,3291,9.4,365,366,1.0,0,0,0.0,340,340,1.0,5,5,0.0,4839,4842,13.8,4041,4043,11.5,483,483,1.4,230,231,0.7,5,5,0.0,80,80,0.2,15,15,0.0,27308,27333,78.0
STATES:,23,Sikkim,0,0,0.0,0,0,0.0,0,0,0.0,0,0,0.0,0,0,0.0,2,2,0.7,12,12,4.0,7,7,2.3,0,0,0.0,0,0,0.0,0,0,0.0,5,5,1.6,0,0,0.0,92,98,30.3,92,98,30.3,0,0,0.0,0,0,0.0,2,3,0.7,0,0,0.0,34,39,11.2,19,20,6.3,8,10,2.7,3,5,1.0,1,1,0.3,3,3,1.0,11,11,3.6,153,165,51.0
STATES:,24,Tamil Nadu,58,59,0.2,122,122,0.4,0,0,0.0,0,0,0.0,1,1,0.0,1256,1256,3.6,1043,1053,3.0,140,145,0.4,0,0,0.0,1,1,0.0,791,793,2.3,111,114,0.3,11,12,0.0,319,320,0.9,316,317,0.9,3,3,0.0,0,0,0.0,17,17,0.0,0,0,0.0,854,855,2.5,653,654,1.9,115,115,0.3,46,46,0.1,12,12,0.0,28,28,0.1,27,27,0.1,3708,3722,10.7
STATES:,25,Telangana,254,254,1.4,560,560,3.1,0,0,0.0,1,1,0.0,0,0,0.0,7202,7206,39.2,987,1048,5.4,514,552,2.8,0,0,0.0,0,0,0.0,260,261,1.4,213,235,1.2,9,13,0.0,1278,1278,6.9,1263,1263,6.8,15,15,0.1,0,0,0.0,44,44,0.2,2,2,0.0,3767,3801,20.5,1484,1512,8.1,859,860,4.7,230,230,1.3,98,98,0.5,1096,1101,6.0,1003,1011,5.5,15107,15218,82.3
STATES:,26,Tripura,19,19,1.0,5,5,0.3,0,0,0.0,0,0,0.0,1,1,0.1,430,430,22.9,119,123,6.3,32,35,1.7,1,1,0.1,0,0,0.0,62,62,3.3,24,25,1.3,0,0,0.0,207,207,11.0,203,203,10.8,4,4,0.2,0,0,0.0,16,17,0.9,0,0,0.0,214,214,11.4,19,19,1.0,52,52,2.8,139,139,7.4,0,0,0.0,4,4,0.2,1,1,0.1,1012,1017,53.8
STATES:,27,Uttar Pradesh,2473,2478,2.4,286,286,0.3,407,407,0.4,118,118,0.1,51,52,0.0,11156,11166,10.8,12994,13014,12.5,896,899,0.9,16,16,0.0,7,9,0.0,12070,12085,11.6,5,5,0.0,37,40,0.0,4816,4817,4.6,4129,4129,4.0,682,682,0.7,5,6,0.0,1958,1958,1.9,363,363,0.3,11335,11338,10.9,76,76,0.1,9422,9425,9.1,1262,1262,1.2,92,92,0.1,483,483,0.5,35,35,0.0,46029,46072,44.4
STATES:,28,Uttarakhand,57,57,1.1,16,16,0.3,0,0,0.0,0,0,0.0,0,0,0.0,392,392,7.5,377,443,7.2,72,84,1.4,1,3,0.0,1,1,0.0,56,56,1.1,247,299,4.7,2,2,0.1,336,336,6.4,334,334,6.4,2,2,0.0,0,0,0.0,6,6,0.1,2,2,0.0,344,344,6.6,288,288,5.5,35,35,0.7,9,9,0.2,0,0,0.0,12,12,0.2,3,3,0.1,1535,1601,29.4
STATES:,29,West Bengal,535,535,1.2,420,420,0.9,45,45,0.1,2,2,0.0,54,60,0.1,19302,19305,42.3,4494,5044,9.8,1369,1650,3.0,17,20,0.0,16,16,0.0,884,884,1.9,2208,2474,4.8,120,222,0.3,1110,1110,2.4,980,980,2.1,130,130,0.3,0,0,0.0,1646,1646,3.6,3,3,0.0,4177,4211,9.1,2108,2124,4.6,663,666,1.5,1030,1044,2.3,101,101,0.2,275,276,0.6,449,449,1.0,32357,33052,70.8
STATES:,,TOTAL STATE(S),7455,7462,1.2,4438,4457,0.7,462,462,0.1,124,124,0.0,187,202,0.0,106341,106395,17.6,60470,62329,10.0,16718,17690,2.8,112,120,0.0,80,85,0.0,33673,33732,5.6,9887,10702,1.6,647,1136,0.1,36657,36762,6.1,34571,34671,5.7,2078,2082,0.3,8,9,0.0,5696,5699,0.9,461,464,0.1,80410,80978,13.3,37610,38012,6.2,26494,26570,4.4,9101,9148,1.5,879,879,0.1,6326,6369,1.0,6365,6413,1.1,309713,312883,51.4
UNION TERRITORIES:,30,A & N Islands,0,0,0.0,0,0,0.0,0,0,0.0,0,0,0.0,0,0,0.0,7,7,2.6,21,22,7.8,20,21,7.4,0,0,0.0,0,0,0.0,0,0,0.0,1,1,0.4,0,0,0.0,30,30,11.2,30,30,11.2,0,0,0.0,0,0,0.0,0,0,0.0,0,0,0.0,46,47,17.1,24,24,8.9,15,16,5.6,1,1,0.4,4,4,1.5,2,2,0.7,2,2,0.7,106,108,39.3
UNION TERRITORIES:,31,Chandigarh,4,4,0.5,7,7,1.0,0,0,0.0,0,0,0.0,0,0,0.0,122,122,16.7,112,125,15.3,48,56,6.6,0,0,0.0,0,0,0.0,55,60,7.5,9,9,1.2,1,1,0.1,68,69,9.3,65,66,8.9,3,3,0.4,0,0,0.0,4,4,0.5,2,2,0.3,76,76,10.4,29,29,4.0,26,26,3.6,4,4,0.5,2,2,0.3,15,15,2.1,13,13,1.8,409,423,56.0
UNION TERRITORIES:,32,D&N Haveli,0,0,0.0,0,0,0.0,0,0,0.0,0,0,0.0,0,0,0.0,6,6,3.0,5,5,2.5,5,5,2.5,0,0,0.0,0,0,0.0,0,0,0.0,0,0,0.0,0,0,0.0,14,14,7.2,14,14,7.2,0,0,0.0,0,0,0.0,0,0,0.0,0,0,0.0,1,1,0.5,1,1,0.5,0,0,0.0,0,0,0.0,0,0,0.0,0,0,0.0,1,1,0.5,27,27,13.5
UNION TERRITORIES:,33,Daman & Diu,0,0,0.0,0,0,0.0,0,0,0.0,0,0,0.0,0,0,0.0,8,8,7.3,9,9,8.2,8,8,7.3,0,0,0.0,0,0,0.0,1,1,0.9,0,0,0.0,2,4,1.8,12,12,10.9,11,11,10.0,1,1,0.9,0,0,0.0,0,0,0.0,0,0,0.0,4,4,3.6,1,1,0.9,0,0,0.0,0,0,0.0,0,0,0.0,3,3,2.7,2,2,1.8,37,39,33.6
UNION TERRITORIES:,34,Delhi UT,162,162,1.7,20,20,0.2,0,0,0.0,1,1,0.0,19,23,0.2,3877,3879,40.6,3891,4041,40.7,3443,3574,36.1,0,0,0.0,2,2,0.0,3,3,0.0,443,462,4.6,9,42,0.1,2155,2170,22.6,2069,2079,21.7,85,85,0.9,1,6,0.0,29,29,0.3,26,27,0.3,4165,4179,43.6,1866,1874,19.5,796,797,8.3,625,628,6.5,43,43,0.5,835,837,8.7,918,921,9.6,15272,15494,159.9
UNION TERRITORIES:,35,Lakshadweep,0,0,0.0,0,0,0.0,0,0,0.0,0,0,0.0,0,0,0.0,2,2,5.0,0,0,0.0,0,0,0.0,0,0,0.0,0,0,0.0,0,0,0.0,0,0,0.0,0,0,0.0,5,5,11.9,5,5,11.9,0,0,0.0,0,0,0.0,0,0,0.0,0,0,0.0,1,1,2.4,1,1,2.4,0,0,0.0,0,0,0.0,0,0,0.0,0,0,0.0,1,1,2.4,9,9,22.5
UNION TERRITORIES:,36,Puducherry,0,0,0.0,1,1,0.1,0,0,0.0,0,0,0.0,0,0,0.0,15,15,2.0,11,13,1.5,9,11,1.2,0,0,0.0,0,0,0.0,0,0,0.0,2,2,0.3,0,0,0.0,6,6,0.8,5,5,0.7,0,0,0.0,1,1,0.1,0,0,0.0,0,0,0.0,43,46,5.8,11,11,1.5,13,13,1.8,6,8,0.8,4,4,0.5,9,10,1.2,3,3,0.4,79,84,10.7
UNION TERRITORIES:,,TOTAL UT(S),166,166,1.4,28,28,0.2,0,0,0.0,1,1,0.0,19,23,0.2,4037,4039,34.7,4049,4215,34.8,3533,3675,30.4,0,0,0.0,2,2,0.0,59,64,0.5,455,474,3.9,12,47,0.1,2290,2306,19.7,2199,2210,18.9,89,89,0.8,2,7,0.0,33,33,0.3,28,29,0.2,4336,4354,37.3,1933,1941,16.6,850,852,7.3,636,641,5.5,53,53,0.5,864,867,7.4,940,943,8.1,15939,16184,136.9
UNION TERRITORIES:,,TOTAL (ALL INDIA),7621,7628,1.2,4466,4485,0.7,462,462,0.1,125,125,0.0,206,225,0.0,110378,110434,18.0,64519,66544,10.5,20251,21365,3.3,112,120,0.0,82,87,0.0,33732,33796,5.5,10342,11176,1.7,659,1183,0.1,38947,39068,6.3,36770,36881,6.0,2167,2171,0.4,10,16,0.0,5729,5732,0.9,489,493,0.1,84746,85332,13.8,39543,39953,6.4,27344,27422,4.5,9737,9789,1.6,932,932,0.2,7190,7236,1.2,7305,7356,1.2,325652,329067,53.0
,,TOTAL STATE(S) [line 2],,,,,,,,,,,,,,,,,,,,,,,,,,,,,,,,,,,,,,,,,,,,,,,,,,,,,,,,,,,,,,,,,,,,,,,,,,,,,,,0,0,
