section,sl_no,STATE/UT,INCIDENCE OF TOTAL COGNIZABLE CRIMES,PERCENTAGE CONTRIBUTION TO ALL-INDIA TOTAL,POPULATION (IN LAKHS),RATE OF TOTAL COGNIZABLE CRIMES,RANK OF * CRIMINALITY
STATES:,1,ANDHRA PRADESH,130089,7.4,757.28,171.8,19
STATES:,2,ARUNACHAL PRADESH,2342,0.1,10.91,214.7,9
STATES:,3,ASSAM,36877,2.1,266.38,138.4,22
STATES:,4,BIHAR,88432,5.0,828.79,106.7,26
STATES:,5,CHHATTISGARH,38460,2.2,207.96,184.9,14
STATES:,6,GOA,2341,0.1,13.44,174.2,18
STATES:,7,GUJARAT,103419,5.8,505.97,204.4,11
STATES:,8,HARYANA,38759,2.2,210.83,183.8,16
STATES:,9,HIMACHAL PRADESH,11499,0.6,60.77,189.2,13
STATES:,10,JAMMU & KASHMIR,19505,1.1,100.70,193.7,12
STATES:,11,JHARKHAND,25447,1.4,269.09,94.6,29
STATES:,12,KARNATAKA,109098,6.2,527.34,206.9,10
STATES:,13,KERALA,103847,5.9,318.39,326.2,4
STATES:,14,MADHYA PRADESH,181741,10.3,603.85,301.0,5
STATES:,15,MAHARASHTRA,171233,9.7,967.52,177.0,17
STATES:,16,MANIPUR,2489,0.1,23.89,104.2,27
STATES:,17,MEGHALAYA,1687,0.1,23.06,73.2,33
STATES:,18,MIZORAM,2246,0.1,8.91,252.1,7
STATES:,19,NAGALAND,1234,0.1,19.89,62.0,34
STATES:,20,ORISSA,46661,2.6,367.07,127.1,23
STATES:,21,PUNJAB,27774,1.6,242.89,114.3,24
STATES:,22,RAJASTHAN,155185,8.8,564.73,274.8,6
STATES:,23,SIKKIM,444,0.0,5.40,82.2,31
STATES:,24,TAMIL NADU,154801,8.7,621.11,249.2,8
STATES:,25,TRIPURA,2801,0.2,31.91,87.8,30
STATES:,26,UTTAR PRADESH,178129,10.1,1660.53,107.3,25
STATES:,27,UTTARANCHAL,8073,0.5,84.80,95.2,28
STATES:,28,WEST BENGAL,61563,3.5,802.21,76.7,32
STATES:,,TOTAL (STATES),1706176,96.4,10105.62,168.8,
UNION TERRITORIES,29,A & N ISLANDS,658,0.0,3.56,184.8,15
UNION TERRITORIES,30,CHANDIGARH,3397,0.2,9.01,377.0,3
UNION TERRITORIES,31,D & N HAVELI,350,0.0,2.20,159.1,20
UNION TERRITORIES,32,DAMAN & DIU,239,0.0,1.58,151.3,21
UNION TERRITORIES,33,DELHI,54384,3.1,137.83,394.6,2
UNION TERRITORIES,34,LAKSHADWEEP,36,0.0,0.61,59.0,35
UNION TERRITORIES,35,PONDICHERRY,4068,0.2,9.74,417.7,1
UNION TERRITORIES,,TOTAL (UTs),63132,3.6,164.53,383.7,
UNION TERRITORIES,,TOTAL (ALL-INDIA),1769308,100.0,10270.15,172.3,
CITIES:,1,AGRA,6661,2.3,13.21,504.2,6
CITIES:,2,AHMEDABAD,13496,4.7,45.19,298.7,17
CITIES:,3,ALLAHABAD,2126,0.7,10.50,202.5,25
CITIES:,4,AMRITSAR,1062,0.4,10.11,105.0,31
CITIES:,5,ASANSOL,NR,-,-,-,-
CITIES:,6,BANGALORE,27254,9.4,56.87,479.2,7
CITIES:,7,BHOPAL,10780,3.7,14.55,740.9,1
CITIES:,8,CHENNAI,7292,2.5,64.25,113.5,30
CITIES:,9,COIMBATORE,3490,1.2,14.46,241.4,22
CITIES:,10,DELHI (CITY),49343,17.0,127.91,385.8,11
CITIES:,11,DHANBAD,NR,-,-,-,-
CITIES:,12,FARIDABAD,3275,1.1,10.55,310.4,16
CITIES:,13,HYDERABAD,11831,4.1,55.34,213.8,24
CITIES:,14,INDORE,10263,3.5,16.39,626.2,3
CITIES:,15,JABALPUR,5736,2.0,11.17,513.5,5
CITIES:,16,JAIPUR,12181,4.2,23.24,524.1,4
CITIES:,17,JAMSHEDPUR,NR,-,-,-,-
CITIES:,18,KANPUR,6808,2.3,26.90,253.1,20
CITIES:,19,KOCHI,6067,2.1,13.55,447.7,10
CITIES:,20,KOLKATA,11970,4.1,132.17,90.6,32
CITIES:,21,LUCKNOW,7606,2.6,22.67,335.5,14
CITIES:,22,LUDHIANA,3572,1.2,13.95,256.1,19
CITIES:,23,MADURAI,4161,1.4,11.95,348.2,12
CITIES:,24,MEERUT,2918,1.0,11.67,250.0,21
CITIES:,25,MUMBAI,28968,10.0,163.68,177.0,28
CITIES:,26,NAGPUR,9912,3.4,21.23,466.9,9
CITIES:,27,NASIK,2195,0.8,11.52,190.5,26
CITIES:,28,PATNA,5617,1.9,17.07,329.1,15
CITIES:,29,PUNE,8936,3.1,37.56,237.9,23
CITIES:,30,RAJKOT,4774,1.6,10.02,476.4,8
CITIES:,31,SURAT,3995,1.4,28.11,142.1,29
CITIES:,32,VADODARA,5047,1.7,14.92,338.3,13
CITIES:,33,VARANASI,2302,0.8,12.12,189.9,27
CITIES:,34,VIJAYAWADA,6733,2.3,10.11,666.0,2
CITIES:,35,VISHAKHAPATNAM,3404,1.2,13.29,256.1,18
CITIES:,,TOTAL (CITIES),289775,100.0,1046.23#,277.0,
