section,sl_no,States/UTs/Cities,Failure in Examination | M,Quarrel with parents-in-laws | F,Quarrel with Spouse | M,Poverty | F,Love Affairs | M,Insanity | F,Dispute over property | M,Dreadful Disease | F,M,F,col_13,col_14,col_15,col_16,col_17,col_18
States,1,Andhra Pradesh,37,78,43,58,68,86,106,59,74,68,19,20,34,30,532,378
States,2,Assam,4,2,8,8,6,8,60,24,41,42,16,5,19,-,69,25
States,3,Bihar,24,7,32,61,13,9,17,14,25,26,19,3,29,13,34,37
States,4,Gujarat,16,9,13,114,45,170,30,11,50,41,78,66,6,5,119,91
States,5,Haryana,16,8,21,31,36,32,9,7,6,11,24,20,11,4,49,31
States,6,Himachal Pradesh,-,-,1,1,-,1,-,-,3,4,2,1,-,-,11,11
States,7,Jammu & Kashmir,1,-,-,2,-,-,3,-,1,1,-,-,-,-,-,-
States,8,Karnataka,27,6,26,43,19,33,46,39,15,31,65,45,48,17,218,205
States,9,Kerala,19,9,301,147,63,59,43,17,150,110,135,50,28,12,284,127
States,10,Madhya Pradesh,48,10,266,338,61,102,72,10,39,55,59,20,59,30,424,253
States,11,Maharashtra,33,11,185,176,76,168,56,22,44,66,99,69,63,7,368,198
States,12,Manipur,-,-,-,-,-,-,1,1,4,-,4,1,1,-,4,-
States,13,Meghalaya,1,-,2,-,2,1,1,-,3,3,1,-,-,-,5,1
States,14,Nagaland,-,-,-,-,-,-,-,-,-,-,-,-,-,-,-,-
States,15,Orissa,8,7,68,72,74,109,13,16,23,58,49,15,9,1,112,66
States,16,Punjab,7,5,30,32,21,10,19,4,11,5,4,1,4,-,63,19
States,17,Rajasthan,6,2,38,79,47,60,8,3,8,10,47,29,27,-,78,40
States,18,Sikkim,-,-,-,-,-,-,5,-,-,-,6,2,-,-,4,-
States,19,Tamil Nadu,40,25,247,195,94,120,81,53,140,135,30,13,33,8,866,534
States,20,Tripura,10,3,40,38,48,27,21,25,24,15,9,6,-,-,23,8
States,21,Uttar Pradesh,50,13,70,121,76,62,37,27,41,54,40,28,119,41,170,116
States,22,West Bengal,110,100,352,422,406,470,90,138,353,360,155,118,129,35,513,333
States,,TOTAL (States),457,295,"1,743","1,938","1,155","1,527",718,470,"1,054","1,095",861,512,619,203,"3,946","2,463"
