section,sl_no,State/UT,Incidence of Total Cognizable Crimes,Percentage Contribution to All-India Total,Rate of Total | Estimated mid- Year Population (In Lakhs),Rate of Total | Cognizable Crimes,Rate of Total | Rank of * Criminality
STATES:,1,ANDHRA PRADESH,158756,8.7,788.50,201.3,9
STATES:,2,ARUNACHAL PRADESH,2256,0.1,11.44,197.2,12
STATES:,3,ASSAM,40675,2.2,282.11,144.2,21
STATES:,4,BIHAR,108060,5.9,883.09,122.4,23
STATES:,5,CHHATTISGARH,41927,2.3,221.54,189.3,15
STATES:,6,GOA,2127,0.1,14.65,145.2,20
STATES:,7,GUJARAT,105469,5.8,534.64,197.3,11
STATES:,8,HARYANA,39096,2.1,224.20,174.4,16
STATES:,9,HIMACHAL PRADESH,12326,0.7,63.16,195.2,13
STATES:,10,JAMMU & KASHMIR,21191,1.2,110.41,191.9,14
STATES:,11,JHARKHAND,31439,1.7,284.49,110.5,26
STATES:,12,KARNATAKA,114440,6.2,550.44,207.9,8
STATES:,13,KERALA,104025,5.7,329.82,315.4,3
STATES:,14,MADHYA PRADESH,196867,10.7,646.65,304.4,4
STATES:,15,MAHARASHTRA,176302,9.6,1017.45,173.3,17
STATES:,16,MANIPUR,2535,0.1,25.09,101.0,28
STATES:,17,MEGHALAYA,1757,0.1,24.21,72.6,34
STATES:,18,MIZORAM,1515,0.1,9.36,161.9,19
STATES:,19,NAGALAND,984,0.1,20.96,46.9,35
STATES:,20,ORISSA,48739,2.7,382.94,127.3,22
STATES:,21,PUNJAB,25630,1.4,254.43,100.7,29
STATES:,22,RAJASTHAN,154859,8.5,605.11,255.9,7
STATES:,23,SIKKIM,631,0.0,5.68,111.1,25
STATES:,24,TAMIL NADU,166606,9.1,642.30,259.4,6
STATES:,25,TRIPURA,3081,0.2,33.42,92.2,31
STATES:,26,UTTAR PRADESH,130181,7.1,1779.41,73.2,33
STATES:,27,UTTARANCHAL,8634,0.5,89.73,96.2,30
STATES:,28,WEST BENGAL,69350,3.8,839.53,82.6,32
STATES:,,TOTAL (STATES),1769458,96.6,10674.76,165.8,
UNION TERRITORIES,29,A & N ISLANDS,748,0.0,3.79,197.4,10
UNION TERRITORIES,30,CHANDIGARH,2889,0.2,9.76,296.0,5
UNION TERRITORIES,31,D & N HAVELI,409,0.0,2.38,171.8,18
UNION TERRITORIES,32,DAMAN & DIU,198,0.0,1.71,115.8,24
UNION TERRITORIES,33,DELHI,53623,2.9,152.79,351.0,2
UNION TERRITORIES,34,LAKSHADWEEP,70,0.0,0.64,109.4,27
UNION TERRITORIES,35,PONDICHERRY,4620,0.3,10.17,454.3,1
UNION TERRITORIES,,TOTAL (UTs),62557,3.4,181.24,345.2,
UNION TERRITORIES,,TOTAL (ALL-INDIA),1832015,100.0,10856.00,168.8,
CITIES:,1,AGRA,3442,1.1,13.21,260.6,20
CITIES:,2,AHMEDABAD,17553,5.7,45.19,388.4,11
CITIES:,3,ALLAHABAD,1551,0.5,10.50,147.7,30
CITIES:,4,AMRITSAR,1204,0.4,10.11,119.1,33
CITIES:,5,ASANSOL,1062,0.3,10.91,97.3,34
CITIES:,6,BANGALORE,28526,9.2,56.87,501.6,6
CITIES:,7,BHOPAL,12268,4.0,14.55,843.2,1
CITIES:,8,CHENNAI,12436,4.0,64.25,193.6,25
CITIES:,9,COIMBATORE,3831,1.2,14.46,264.9,18
CITIES:,10,DELHI (CITY),48677,15.7,127.91,380.6,12
CITIES:,11,DHANBAD,1726,0.6,10.64,162.2,29
CITIES:,12,FARIDABAD,3148,1.0,10.55,298.4,15
CITIES:,13,HYDERABAD,18868,6.1,55.34,340.9,14
CITIES:,14,INDORE,11935,3.9,16.39,728.2,3
CITIES:,15,JABALPUR,6395,2.1,11.17,572.5,4
CITIES:,16,JAIPUR,13224,4.3,23.24,569.0,5
CITIES:,17,JAMSHEDPUR,2203,0.7,11.02,199.9,24
CITIES:,18,KANPUR,4526,1.5,26.90,168.3,28
CITIES:,19,KOCHI,6756,2.2,13.55,498.6,7
CITIES:,20,KOLKATA,10757,3.5,132.17,81.4,35
CITIES:,21,LUCKNOW,6300,2.0,22.67,277.9,17
CITIES:,22,LUDHIANA,2551,0.8,13.95,182.9,26
CITIES:,23,MADURAI,3164,1.0,11.95,264.8,19
CITIES:,24,MEERUT,2479,0.8,11.67,212.4,23
CITIES:,25,MUMBAI,29453,9.5,163.68,179.9,27
CITIES:,26,NAGPUR,8518,2.7,21.23,401.2,10
CITIES:,27,NASIK,2606,0.8,11.52,226.2,22
CITIES:,28,PATNA,7597,2.5,17.07,445.0,8
CITIES:,29,PUNE,10754,3.5,37.56,286.3,16
CITIES:,30,RAJKOT,4339,1.4,10.02,433.0,9
CITIES:,31,SURAT,4131,1.3,28.11,147.0,31
CITIES:,32,VADODARA,5551,1.8,14.92,372.1,13
CITIES:,33,VARANASI,1557,0.5,12.12,128.5,32
CITIES:,34,VIJAYAWADA,7659,2.5,10.11,757.6,2
CITIES:,35,VISHAKHAPATNAM,3182,1.0,13.29,239.4,21
CITIES:,,TOTAL (CITIES),309929,100.0,1078.80,287.3,
CITIES:,,1. * Rank on the basis of Rate of total cognizable crimes (Col6.) 2. ** As per actual census,2001,,,,
