section,sl_no,UNDER- TYPE,UNDER- | CONVICTS,UNDER- | %SHARE,UNDER- | TRIALS,UNDER- | % SHARE DETENUES % SHARE (6),UNDER- | % SHARE DETENUES % SHARE (7),UNDER- | % SHARE DETENUES % SHARE (8),UNDER- | OTHERS,% SHARE,TOTAL
,1,CENTRAL JAIL,86410,52.0,77871,46.9,1422,0.9,351,0.2,166054
,2,DISTRICT JAIL,25723,16.3,128752,81.6,2906,1.8,343,0.2,157724
,3,SUB JAIL,3330,7.9,38535,91.2,225,0.5,173,0.4,42263
,4,WOMEN JAIL,1042,37.5,1706,61.4,29,1.0,0,0.0,2777
,5,BORSTAL SCHOOL,210,28.5,490,66.5,37,5.0,0,0.0,737
,6,OPEN JAIL,2346,100.0,0,0.0,0,0.0,0,0.0,2346
,7,SPECIAL JAIL,912,22.6,3058,75.7,68,1.7,0,0.0,4038
,8,OTHERS,142,31.1,315,68.9,0,0.0,0,0.0,457
,9,TOTAL,120115,31.9,250727,66.6,4687,1.2,867,0.2,376396
NOTE : The percentage shares shown against Sl.No.9 (Total) are the average percentage at All India level.,,351,343,173,0,0,0,0,0,,
NOTE : The percentage shares shown against Sl.No.9 (Total) are the average percentage at All India level.,,100%,1422 2906,225,29,,0 0,68,0,,
80%,,77871 70%,,,1706,,,,,,
80%,,60% Others,,,,490,,3058,,,
80%,,60% Others [line 2],128752,,,,,,,,
80%,,Detenues,,38535,,,,,,,
80%,,50% Undertrials,,,,,2346,,,,
30%,,86410 20%,,,1042,,,,,,
30%,,86410 20% [line 2],,,,210,,,142,,
30%,,10%,,,,,,912,,,
30%,,10% [line 2],25723,,,,,,,,
