section,sl_no,State/UT,2015,2016,2017,Percentage State Share To All-India (2017),Mid-Year Projected Female Population (In Lakhs) (2017)+,Rate of Total Crime against Women (2017)++
STATES:,1,Andhra Pradesh,15967,16362,17909,5.0,259.8,68.9
STATES:,2,Arunachal Pradesh,384,367,337,0.1,6.3,53.4
STATES:,3,Assam,23365,20869,23082,6.4,160.7,143.6
STATES:,4,Bihar,13904,13400,14711,4.1,510.3,28.8
STATES:,5,Chhattisgarh,5783,5947,7996,2.2,130.9,61.1
STATES:,6,Goa,392,371,369,0.1,9.3,39.6
STATES:,7,Gujarat,7777,8532,8133,2.3,301,27.0
STATES:,8,Haryana,9511,9839,11370,3.2,128.2,88.7
STATES:,9,Himachal Pradesh,1295,1222,1246,0.3,34.9,35.7
STATES:,10,Jammu & Kashmir,3366,2850,3129,0.9,60.3,51.9
STATES:,11,Jharkhand,6568,5453,5911,1.6,166.3,35.6
STATES:,12,Karnataka,12775,14131,14078,3.9,311.2,45.2
STATES:,13,Kerala,9767,10034,11057,3.1,183.6,60.2
STATES:,14,Madhya Pradesh,24231,26604,29788,8.3,379,78.6
STATES:,15,Maharashtra,31216,31388,31979,8.9,581.1,55.0
STATES:,16,Manipur,266,253,236,0.1,13.1,18.1
STATES:,17,Meghalaya,337,372,567,0.2,13.9,40.7
STATES:,18,Mizoram,158,120,301,0.1,5.2,57.6
STATES:,19,Nagaland,91,105,79,0.0,11.5,6.9
STATES:,20,Odisha,17200,17837,20098,5.6,212.7,94.5
STATES:,21,Punjab,5340,5105,4620,1.3,135.4,34.1
STATES:,22,Rajasthan,28224,27422,25993,7.2,354.8,73.3
STATES:,23,Sikkim,53,153,163,0.0,3.1,53.1
STATES:,24,Tamil Nadu,5919,4463,5397,1.5,348.4,15.5
STATES:,25,Telangana,15425,15374,17521,4.9,185,94.7
STATES:,26,Tripura,1267,1013,972,0.3,19,51.2
STATES:,27,Uttar Pradesh,35908,49262,56011,15.6,1053.4,53.2
STATES:,28,Uttarakhand,1465,1588,1944,0.5,52.8,36.8
STATES:,29,West Bengal,33318,32513,30992,8.6,460.8,67.3
STATES:,,TOTAL STATE(S),311272,322949,345989,96.1,6091.9,56.8
UNION TERRITORIES:,30,A & N Islands,136,108,132,0.0,2.8,47.7
UNION TERRITORIES:,31,Chandigarh,468,414,453,0.1,7.6,59.8
UNION TERRITORIES:,32,D&N Haveli,25,28,20,0.0,2,9.9
UNION TERRITORIES:,33,Daman & Diu,29,41,26,0.0,1.1,23.0
UNION TERRITORIES:,34,Delhi UT,17222,15310,13076,3.6,98.1,133.3
UNION TERRITORIES:,35,Lakshadweep,9,9,6,0.0,0.4,14.0
UNION TERRITORIES:,36,Puducherry,82,95,147,0.0,7.6,19.3
UNION TERRITORIES:,,TOTAL UT(S),17971,16005,13860,3.9,119.6,115.8
UNION TERRITORIES:,,TOTAL ALL INDIA,329243,338954,359849,100.0,6211.5,57.9
