section,sl_no,State/UT,Murder with Rape/Gang Rape | I,Murder with Rape/Gang Rape | V,Murder with Rape/Gang Rape | R,Dowry Deaths (Sec. 304B IPC) | I,Dowry Deaths (Sec. 304B IPC) | V,Dowry Deaths (Sec. 304B IPC) | R,Abetment to Suicide of Women (Sec. 305/306 IPC) | I,Abetment to Suicide of Women (Sec. 305/306 IPC) | V,Abetment to Suicide of Women (Sec. 305/306 IPC) | R,Miscarriage (Sec. 313 & 314 IPC) | I,Miscarriage (Sec. 313 & 314 IPC) | V,Miscarriage (Sec. 313 & 314 IPC) | R,Acid Attack (Sec. 326A IPC) | I,Acid Attack (Sec. 326A IPC) | V,Acid Attack (Sec. 326A IPC) | R,Attempt to Acid Attack (Sec. 326B IPC) | I,Attempt to Acid Attack (Sec. 326B IPC) | V,Attempt to Acid Attack (Sec. 326B IPC) | R,Cruelty by Husband or his relatives (Sec. 498 A IPC) | I,Cruelty by Husband or his relatives (Sec. 498 A IPC) | V,Cruelty by Husband or his relatives (Sec. 498 A IPC) | R,Kidnapping & Abduction of Women | Kidnapping & Abduction of Women (Total) | I,Kidnapping & Abduction of Women | Kidnapping & Abduction of Women (Total) | V,Kidnapping & Abduction of Women | Kidnapping & Abduction of Women (Total) | R,Kidnapping & Abduction of Women | Kidnapping & Abduction (Sec. 336 IPC) | I,Kidnapping & Abduction of Women | Kidnapping & Abduction (Sec. 336 IPC) | V,Kidnapping & Abduction of Women | Kidnapping & Abduction (Sec. 336 IPC) | R,Kidnapping & Abduction of Women | Kidnapping & Abduction in order to Murder (Sec. 364 IPC) | I,Kidnapping & Abduction of Women | Kidnapping & Abduction in order to Murder (Sec. 364 IPC) | V,Kidnapping & Abduction of Women | Kidnapping & Abduction in order to Murder (Sec. 364 IPC) | R,Kidnapping & Abduction of Women | Kidnapping for Ransom (Sec. 364A IPC) | I,Kidnapping & Abduction of Women | Kidnapping for Ransom (Sec. 364A IPC) | V,Kidnapping & Abduction of Women | Kidnapping for Ransom (Sec. 364A IPC) | R,Kidnapping & Abduction of Women | Kidnapping & Abduction of Women to compel her for marriage (Sec. 366 IPC) | K&A of Women to compel her for marriage (Total) | I,Kidnapping & Abduction of Women | Kidnapping & Abduction of Women to compel her for marriage (Sec. 366 IPC) | K&A of Women to compel her for marriage (Total) | V,Kidnapping & Abduction of Women | Kidnapping & Abduction of Women to compel her for marriage (Sec. 366 IPC) | K&A of Women to compel her for marriage (Total) | R,Kidnapping & Abduction of Women | Kidnapping & Abduction of Women to compel her for marriage (Sec. 366 IPC) | a) Women (Above 18 yrs) | I,Kidnapping & Abduction of Women | Kidnapping & Abduction of Women to compel her for marriage (Sec. 366 IPC) | a) Women (Above 18 yrs) | V,Kidnapping & Abduction of Women | Kidnapping & Abduction of Women to compel her for marriage (Sec. 366 IPC) | a) Women (Above 18 yrs) | R,Kidnapping & Abduction of Women | Kidnapping & Abduction of Women to compel her for marriage (Sec. 366 IPC) b) Girls (Below 18 yrs) | I,Kidnapping & Abduction of Women | Kidnapping & Abduction of Women to compel her for marriage (Sec. 366 IPC) b) Girls (Below 18 yrs) | V,Kidnapping & Abduction of Women | Kidnapping & Abduction of Women to compel her for marriage (Sec. 366 IPC) b) Girls (Below 18 yrs) | R,Kidnapping & Abduction of Women | Procuration of Minor Girls (Sec. 366A IPC) | I,Kidnapping & Abduction of Women | Procuration of Minor Girls (Sec. 366A IPC) | V,Kidnapping & Abduction of Women | Procuration of Minor Girls (Sec. 366A IPC) | R,Kidnapping & Abduction of Women | Importation of Girls from Foreign Country (Sec. 366B IPC) | I,Kidnapping & Abduction of Women | Importation of Girls from Foreign Country (Sec. 366B IPC) | V,Kidnapping & Abduction of Women | Importation of Girls from Foreign Country (Sec. 366B IPC) | R,"Kidnapping & Abduction of Women Kidnapping and Abduction of Women – Others (Secs.363A, 365, 367, 368, 369 IPC) | I","Kidnapping & Abduction of Women Kidnapping and Abduction of Women – Others (Secs.363A, 365, 367, 368, 369 IPC) | V","Kidnapping & Abduction of Women Kidnapping and Abduction of Women – Others (Secs.363A, 365, 367, 368, 369 IPC) | R",Human Trafficking (Sec. 370 & 370A IPC) | I,Human Trafficking (Sec. 370 & 370A IPC) | V,Human Trafficking (Sec. 370 & 370A IPC) | R,Selling of Minor Girls (Sec. 372 IPC) | I,Selling of Minor Girls (Sec. 372 IPC) | V,Selling of Minor Girls (Sec. 372 IPC) | R,Buying of Minor Girls (Sec. 373 IPC) | I,Buying of Minor Girls (Sec. 373 IPC) | V,Buying of Minor Girls (Sec. 373 IPC) | R,Rape (Sec. 376 IPC) | Rape (Total) | I,Rape (Sec. 376 IPC) | Rape (Total) | V,Rape (Sec. 376 IPC) | Rape (Total) | R,Rape (Sec. 376 IPC) | A) Women (18 Yrs. And above) | I,Rape (Sec. 376 IPC) | A) Women (18 Yrs. And above) | V,Rape (Sec. 376 IPC) | A) Women (18 Yrs. And above) | R,Rape (Sec. 376 IPC) | B) Girls (Below 18 yrs) | I,Rape (Sec. 376 IPC) | B) Girls (Below 18 yrs) | V,Rape (Sec. 376 IPC) | B) Girls (Below 18 yrs) | R,Attempt to Commit Rape (Sec. 376/511 IPC) | Attempt to Commit Rape (Total) | I,Attempt to Commit Rape (Sec. 376/511 IPC) | Attempt to Commit Rape (Total) | V,Attempt to Commit Rape (Sec. 376/511 IPC) | Attempt to Commit Rape (Total) | R,Attempt to Commit Rape (Sec. 376/511 IPC) | A) Women (18 Yrs. And above) | I,Attempt to Commit Rape (Sec. 376/511 IPC) | A) Women (18 Yrs. And above) | V,Attempt to Commit Rape (Sec. 376/511 IPC) | A) Women (18 Yrs. And above) | R,Attempt to Commit Rape (Sec. 376/511 IPC) | B) Girls (Below 18 yrs) | I,Attempt to Commit Rape (Sec. 376/511 IPC) | B) Girls (Below 18 yrs) | V,Attempt to Commit Rape (Sec. 376/511 IPC) | B) Girls (Below 18 yrs) | R,Assault on Women with Intent to Outrage her Modesty (Sec. 354 IPC) | Assault on Women with Intent to Outrage her Modesty (Total) | I,Assault on Women with Intent to Outrage her Modesty (Sec. 354 IPC) | Assault on Women with Intent to Outrage her Modesty (Total) | V,Assault on Women with Intent to Outrage her Modesty (Sec. 354 IPC) | Assault on Women with Intent to Outrage her Modesty (Total) | R,Assault on Women with Intent to Outrage her Modesty (Sec. 354 IPC) | A) Women (18 Yrs. And above) | I,Assault on Women with Intent to Outrage her Modesty (Sec. 354 IPC) | A) Women (18 Yrs. And above) | V,Assault on Women with Intent to Outrage her Modesty (Sec. 354 IPC) | A) Women (18 Yrs. And above) | R,Assault on Women with Intent to Outrage her Modesty (Sec. 354 IPC) | B) Girls (Below 18 yrs) | I,Assault on Women with Intent to Outrage her Modesty (Sec. 354 IPC) | B) Girls (Below 18 yrs) | V,Assault on Women with Intent to Outrage her Modesty (Sec. 354 IPC) | B) Girls (Below 18 yrs) | R,Insult to the Modesty of Women (Sec. 509 IPC) | Insult to the Modesty of Women (Total) | I,Insult to the Modesty of Women (Sec. 509 IPC) | Insult to the Modesty of Women (Total) | V,Insult to the Modesty of Women (Sec. 509 IPC) | Insult to the Modesty of Women (Total) | R,Insult to the Modesty of Women (Sec. 509 IPC) | A) Women (18 Yrs. And above) | I,Insult to the Modesty of Women (Sec. 509 IPC) | A) Women (18 Yrs. And above) | V,Insult to the Modesty of Women (Sec. 509 IPC) | A) Women (18 Yrs. And above) | R,Insult to the Modesty of Women (Sec. 509 IPC) | B) Girls (Below 18 yrs) | I,Insult to the Modesty of Women (Sec. 509 IPC) | B) Girls (Below 18 yrs) | V,Insult to the Modesty of Women (Sec. 509 IPC) | B) Girls (Below 18 yrs) | R,Total IPC Crimes against Women | I,Total IPC Crimes against Women | V,Total IPC Crimes against Women | R
STATES:,1,Andhra Pradesh,6,6,0.0,152,152,0.6,597,607,2.3,3,3,0.0,2,2,0.0,0,0,0.0,7156,7429,27.5,712,741,2.7,245,252,0.9,0,0,0.0,4,4,0.0,248,253,1.0,46,47,0.2,202,206,0.8,138,150,0.5,0,0,0.0,77,82,0.3,42,60,0.2,0,0,0.0,0,0,0.0,988,1005,3.8,452,464,1.7,536,541,2.1,175,321,0.7,125,270,0.5,50,51,0.2,5129,5222,19.7,4878,4967,18.8,251,255,1.0,1998,2041,7.7,1947,1990,7.5,51,51,0.2,16960,17589,65.3
STATES:,2,Arunachal Pradesh,0,0,0.0,0,0,0.0,4,9,0.6,0,0,0.0,0,0,0.0,0,0,0.0,56,66,8.9,74,86,11.7,25,31,4.0,0,0,0.0,1,1,0.2,16,16,2.5,14,14,2.2,2,2,0.3,7,8,1.1,0,0,0.0,25,30,4.0,1,1,0.2,0,0,0.0,0,0,0.0,59,71,9.4,25,29,4.0,34,42,5.4,24,31,3.8,19,26,3.0,5,5,0.8,97,111,15.4,84,97,13.3,13,14,2.1,5,7,0.8,5,7,0.8,0,0,0.0,320,382,50.7
STATES:,3,Assam,27,27,0.2,171,193,1.1,44,46,0.3,5,5,0.0,3,3,0.0,1,1,0.0,9782,10598,60.9,5554,5703,34.6,796,804,5.0,7,7,0.0,19,19,0.1,3138,3149,19.5,2547,2558,15.9,591,591,3.7,1174,1286,7.3,0,0,0.0,420,438,2.6,107,123,0.7,14,14,0.1,0,0,0.0,1772,2048,11.0,1672,1948,10.4,100,100,0.6,378,408,2.4,351,381,2.2,27,27,0.2,3569,3610,22.2,3468,3509,21.6,101,101,0.6,108,108,0.7,88,88,0.5,20,20,0.1,21535,22887,134.0
STATES:,4,Bihar,0,0,0.0,1081,1081,2.1,0,0,0.0,0,0,0.0,4,4,0.0,0,0,0.0,3776,3776,7.4,6182,6188,12.1,505,505,1.0,10,10,0.0,0,0,0.0,4777,4783,9.4,2565,2571,5.0,2212,2212,4.3,0,0,0.0,0,0,0.0,890,890,1.7,9,9,0.0,0,0,0.0,0,0,0.0,605,616,1.2,605,616,1.2,0,0,0.0,317,317,0.6,317,317,0.6,0,0,0.0,197,197,0.4,197,197,0.4,0,0,0.0,1,1,0.0,1,1,0.0,0,0,0.0,12172,12189,23.9
STATES:,5,Chhattisgarh,3,3,0.0,74,75,0.6,151,154,1.2,9,9,0.1,0,0,0.0,0,0,0.0,582,582,4.4,1457,1474,11.1,942,944,7.2,1,1,0.0,0,0,0.0,380,380,2.9,17,17,0.1,363,363,2.8,2,2,0.0,0,0,0.0,132,147,1.0,25,36,0.2,0,0,0.0,0,0,0.0,1908,1926,14.6,788,792,6.0,1120,1134,8.6,19,19,0.1,7,7,0.1,12,12,0.1,1899,1944,14.5,1302,1309,9.9,597,635,4.6,144,144,1.1,118,118,0.9,26,26,0.2,6271,6366,47.9
STATES:,6,Goa,2,2,0.2,1,1,0.1,4,4,0.4,0,0,0.0,0,0,0.0,0,0,0.0,21,21,2.3,61,64,6.5,50,53,5.4,0,0,0.0,0,0,0.0,0,0,0.0,0,0,0.0,0,0,0.0,0,0,0.0,0,0,0.0,11,11,1.2,38,74,4.1,0,0,0.0,0,0,0.0,76,76,8.2,20,20,2.1,56,56,6.0,0,0,0.0,0,0,0.0,0,0,0.0,134,139,14.4,116,121,12.4,18,18,1.9,31,32,3.3,29,30,3.1,2,2,0.2,368,413,39.5
STATES:,7,Gujarat,4,4,0.0,9,9,0.0,351,351,1.2,0,0,0.0,4,4,0.0,2,2,0.0,3223,3232,10.7,1259,1270,4.2,397,402,1.3,1,1,0.0,1,1,0.0,824,828,2.7,123,123,0.4,701,705,2.3,0,0,0.0,0,0,0.0,36,38,0.1,5,6,0.0,0,0,0.0,0,0,0.0,477,479,1.6,475,477,1.6,2,2,0.0,14,14,0.0,13,13,0.0,1,1,0.0,1058,1064,3.5,1025,1031,3.4,33,33,0.1,17,17,0.1,17,17,0.1,0,0,0.0,6423,6452,21.3
STATES:,8,Haryana,8,8,0.1,245,254,1.9,192,195,1.5,12,12,0.1,4,4,0.0,0,0,0.0,3326,3389,26.0,2949,2998,23.0,46,47,0.4,4,4,0.0,4,4,0.0,886,895,6.9,677,683,5.3,209,212,1.6,868,873,6.8,0,0,0.0,1141,1175,8.9,12,12,0.1,1,1,0.0,0,0,0.0,1099,1104,8.6,962,967,7.5,137,137,1.1,145,147,1.1,125,127,1.0,20,20,0.2,2031,2037,15.8,1817,1823,14.2,214,214,1.7,179,180,1.4,179,180,1.4,0,0,0.0,10203,10341,79.6
STATES:,9,Himachal Pradesh,7,7,0.2,3,3,0.1,55,55,1.6,2,2,0.1,2,2,0.1,0,0,0.0,191,191,5.5,242,245,6.9,62,64,1.8,0,0,0.0,0,0,0.0,167,168,4.8,42,42,1.2,125,126,3.6,4,4,0.1,0,0,0.0,9,9,0.3,0,0,0.0,0,0,0.0,0,0,0.0,249,251,7.1,106,106,3.0,143,145,4.1,8,8,0.2,5,5,0.1,3,3,0.1,397,398,11.4,346,347,9.9,51,51,1.5,52,52,1.5,49,49,1.4,3,3,0.1,1208,1214,34.6
STATES:,10,Jammu & Kashmir,0,0,0.0,8,8,0.1,25,25,0.4,7,7,0.1,1,1,0.0,0,0,0.0,377,378,6.3,931,947,15.4,302,302,5.0,0,0,0.0,0,0,0.0,471,487,7.8,471,487,7.8,0,0,0.0,0,0,0.0,0,0,0.0,158,158,2.6,0,0,0.0,0,0,0.0,0,0,0.0,296,298,4.9,254,255,4.2,42,43,0.7,21,21,0.3,16,16,0.3,5,5,0.1,1417,1481,23.5,1412,1476,23.4,5,5,0.1,41,52,0.7,40,51,0.7,1,1,0.0,3124,3218,51.8
STATES:,11,Jharkhand,6,6,0.0,248,310,1.5,19,19,0.1,0,0,0.0,0,0,0.0,0,0,0.0,998,1055,6.0,1033,1038,6.2,44,44,0.3,13,14,0.1,36,36,0.2,507,507,3.0,319,319,1.9,188,188,1.1,276,280,1.7,0,0,0.0,157,157,0.9,19,19,0.1,14,14,0.1,3,3,0.0,914,927,5.5,834,843,5.0,80,84,0.5,168,173,1.0,128,128,0.8,40,45,0.2,748,755,4.5,663,670,4.0,85,85,0.5,104,105,0.6,103,104,0.6,1,1,0.0,4274,4424,25.7
STATES:,12,Karnataka,7,7,0.0,206,217,0.7,234,252,0.8,6,6,0.0,2,2,0.0,0,0,0.0,2332,2426,7.5,967,998,3.1,731,759,2.3,0,0,0.0,7,7,0.0,67,68,0.2,55,56,0.2,12,12,0.0,104,105,0.3,0,0,0.0,58,59,0.2,12,47,0.0,0,0,0.0,0,0,0.0,546,558,1.8,545,557,1.8,1,1,0.0,12,12,0.0,12,12,0.0,0,0,0.0,5763,6171,18.5,5760,6168,18.5,3,3,0.0,212,216,0.7,211,215,0.7,1,1,0.0,10299,10912,33.1
STATES:,13,Kerala,4,4,0.0,12,12,0.1,51,55,0.3,0,0,0.0,9,9,0.0,0,0,0.0,2856,3021,15.6,184,190,1.0,64,66,0.3,0,0,0.0,1,1,0.0,81,82,0.4,29,29,0.2,52,53,0.3,11,11,0.1,0,0,0.0,27,30,0.1,7,7,0.0,0,0,0.0,0,0,0.0,2003,2035,10.9,934,950,5.1,1069,1085,5.8,57,60,0.3,50,53,0.3,7,7,0.0,4413,4464,24.0,4122,4168,22.5,291,296,1.6,421,432,2.3,406,417,2.2,15,15,0.1,10017,10289,54.6
STATES:,14,Madhya Pradesh,21,21,0.1,632,635,1.7,707,725,1.9,48,48,0.1,5,5,0.0,1,1,0.0,6099,6144,16.1,5200,5427,13.7,3625,3671,9.6,1,1,0.0,3,3,0.0,1392,1573,3.7,189,193,0.5,1203,1380,3.2,12,12,0.0,2,2,0.0,165,165,0.4,42,42,0.1,10,20,0.0,1,1,0.0,5562,5599,14.7,2496,2517,6.6,3066,3082,8.1,61,61,0.2,28,28,0.1,33,33,0.1,9252,9396,24.4,6559,6691,17.3,2693,2705,7.1,277,277,0.7,225,225,0.6,52,52,0.1,27918,28402,73.7
STATES:,15,Maharashtra,26,26,0.0,233,239,0.4,951,975,1.6,47,48,0.1,2,2,0.0,5,5,0.0,6584,6711,11.3,6248,6560,10.8,5132,5367,8.8,3,3,0.0,13,14,0.0,945,978,1.6,178,205,0.3,767,773,1.3,53,61,0.1,0,0,0.0,102,137,0.2,127,326,0.2,3,3,0.0,0,0,0.0,1933,1945,3.3,1921,1933,3.3,12,12,0.0,9,9,0.0,7,7,0.0,2,2,0.0,9392,9518,16.2,9337,9463,16.1,55,55,0.1,919,940,1.6,906,927,1.6,13,13,0.0,26479,27307,45.6
STATES:,16,Manipur,0,0,0.0,0,0,0.0,0,0,0.0,0,0,0.0,1,1,0.1,0,0,0.0,19,19,1.5,70,70,5.4,0,0,0.0,1,1,0.1,0,0,0.0,57,57,4.4,44,44,3.4,13,13,1.0,8,8,0.6,0,0,0.0,4,4,0.3,5,7,0.4,0,0,0.0,0,0,0.0,40,41,3.1,39,39,3.0,1,2,0.1,4,4,0.3,4,4,0.3,0,0,0.0,66,66,5.1,62,62,4.7,4,4,0.3,8,9,0.6,6,6,0.5,2,3,0.2,213,217,16.3
STATES:,17,Meghalaya,0,0,0.0,1,1,0.1,1,1,0.1,0,0,0.0,0,0,0.0,0,0,0.0,20,20,1.4,54,56,3.9,11,11,0.8,0,0,0.0,0,0,0.0,8,8,0.6,6,6,0.4,2,2,0.1,23,23,1.7,0,0,0.0,12,14,0.9,0,0,0.0,0,0,0.0,0,0,0.0,119,119,8.5,73,73,5.2,46,46,3.3,20,20,1.4,10,10,0.7,10,10,0.7,88,88,6.3,77,77,5.5,11,11,0.8,21,21,1.5,21,21,1.5,0,0,0.0,324,326,23.3
STATES:,18,Mizoram,0,0,0.0,0,0,0.0,0,0,0.0,0,0,0.0,0,0,0.0,0,0,0.0,20,20,3.8,0,0,0.0,0,0,0.0,0,0,0.0,0,0,0.0,0,0,0.0,0,0,0.0,0,0,0.0,0,0,0.0,0,0,0.0,0,0,0.0,0,0,0.0,0,0,0.0,0,0,0.0,25,25,4.8,25,25,4.8,0,0,0.0,1,1,0.2,1,1,0.2,0,0,0.0,64,64,12.2,63,63,12.0,1,1,0.2,2,2,0.4,2,2,0.4,0,0,0.0,112,112,21.4
STATES:,19,Nagaland,1,1,0.1,0,0,0.0,0,0,0.0,0,0,0.0,0,0,0.0,0,0,0.0,3,3,0.3,7,8,0.6,5,6,0.4,0,0,0.0,0,0,0.0,1,1,0.1,0,0,0.0,1,1,0.1,1,1,0.1,0,0,0.0,0,0,0.0,0,0,0.0,0,0,0.0,0,0,0.0,10,10,0.9,9,9,0.8,1,1,0.1,2,2,0.2,0,0,0.0,2,2,0.2,12,12,1.0,12,12,1.0,0,0,0.0,0,0,0.0,0,0,0.0,0,0,0.0,35,36,3.0
STATES:,20,Odisha,9,9,0.0,326,365,1.5,18,18,0.1,1,1,0.0,11,11,0.1,1,1,0.0,2525,2525,11.9,2773,2773,13.0,1744,1744,8.2,1,1,0.0,2,2,0.0,195,195,0.9,114,114,0.5,81,81,0.4,1,1,0.0,0,0,0.0,830,830,3.9,22,33,0.1,0,0,0.0,0,0,0.0,2070,2082,9.7,785,785,3.7,1285,1297,6.0,151,151,0.7,144,144,0.7,7,7,0.0,9132,9132,42.9,8978,8978,42.2,154,154,0.7,490,490,2.3,480,480,2.3,10,10,0.0,17529,17591,82.4
STATES:,21,Punjab,3,4,0.0,68,72,0.5,172,180,1.3,9,9,0.1,4,4,0.0,0,0,0.0,1199,1290,8.9,1099,1133,8.1,15,15,0.1,0,0,0.0,0,0,0.0,970,1001,7.2,175,185,1.3,795,816,5.9,54,54,0.4,0,0,0.0,60,63,0.4,1,1,0.0,0,0,0.0,0,0,0.0,530,550,3.9,421,424,3.1,109,126,0.8,79,79,0.6,38,38,0.3,41,41,0.3,933,970,6.9,758,770,5.6,175,200,1.3,22,22,0.2,20,20,0.1,2,2,0.0,4119,4314,30.4
STATES:,22,Rajasthan,4,4,0.0,457,458,1.3,153,156,0.4,5,5,0.0,3,3,0.0,1,1,0.0,11508,11508,32.4,3838,3913,10.8,1076,1101,3.0,1,1,0.0,6,6,0.0,1341,1359,3.8,1037,1055,2.9,304,304,0.9,197,197,0.6,1,1,0.0,1216,1248,3.4,7,7,0.0,0,0,0.0,0,0,0.0,3305,3319,9.3,2793,2807,7.9,512,512,1.4,550,566,1.6,523,539,1.5,27,27,0.1,4883,4895,13.8,4567,4576,12.9,316,319,0.9,24,24,0.1,23,23,0.1,1,1,0.0,24738,24859,69.7
STATES:,23,Sikkim,0,0,0.0,0,0,0.0,0,0,0.0,0,0,0.0,0,0,0.0,0,0,0.0,5,5,1.6,27,29,8.8,21,21,6.8,0,0,0.0,0,0,0.0,0,0,0.0,0,0,0.0,0,0,0.0,2,4,0.7,0,0,0.0,4,4,1.3,0,0,0.0,0,0,0.0,0,0,0.0,17,17,5.5,17,17,5.5,0,0,0.0,2,2,0.7,2,2,0.7,0,0,0.0,21,21,6.8,20,20,6.5,1,1,0.3,7,7,2.3,6,6,2.0,1,1,0.3,79,81,25.7
STATES:,24,Tamil Nadu,2,2,0.0,48,48,0.1,220,220,0.6,1,1,0.0,3,3,0.0,0,0,0.0,984,984,2.8,859,869,2.5,117,122,0.3,0,0,0.0,3,3,0.0,611,616,1.8,483,488,1.4,128,128,0.4,76,76,0.2,0,0,0.0,52,52,0.1,7,7,0.0,0,0,0.0,0,0,0.0,283,283,0.8,283,283,0.8,0,0,0.0,11,11,0.0,11,11,0.0,0,0,0.0,744,753,2.1,741,750,2.1,3,3,0.0,9,9,0.0,9,9,0.0,0,0,0.0,3171,3190,9.1
STATES:,25,Telangana,3,3,0.0,251,270,1.4,501,581,2.7,8,9,0.0,1,1,0.0,0,0,0.0,7838,8434,42.4,934,1066,5.0,412,456,2.2,2,2,0.0,10,10,0.1,239,270,1.3,134,155,0.7,105,115,0.6,109,109,0.6,0,0,0.0,162,219,0.9,77,155,0.4,0,0,0.0,0,0,0.0,552,699,3.0,552,699,3.0,0,0,0.0,38,42,0.2,32,34,0.2,6,8,0.0,4409,4635,23.8,4170,4384,22.5,239,251,1.3,1160,1244,6.3,1052,1089,5.7,108,155,0.6,15772,17139,85.2
STATES:,26,Tripura,2,2,0.1,33,34,1.7,15,16,0.8,1,1,0.1,0,0,0.0,0,0,0.0,348,351,18.3,90,95,4.7,23,25,1.2,0,0,0.0,0,0,0.0,57,60,3.0,13,16,0.7,44,44,2.3,8,8,0.4,0,0,0.0,2,2,0.1,0,0,0.0,0,0,0.0,0,0,0.0,95,101,5.0,90,96,4.7,5,5,0.3,17,19,0.9,16,18,0.8,1,1,0.1,225,243,11.9,208,226,11.0,17,17,0.9,9,9,0.5,7,7,0.4,2,2,0.1,835,871,44.0
STATES:,27,Uttar Pradesh,64,67,0.1,2524,2711,2.4,280,281,0.3,64,64,0.1,41,41,0.0,4,4,0.0,12653,12895,12.0,14993,15747,14.2,2201,2380,2.1,43,43,0.0,2,2,0.0,12382,12949,11.8,8823,9248,8.4,3559,3701,3.4,4,4,0.0,0,0,0.0,361,369,0.3,10,10,0.0,0,0,0.0,0,0,0.0,4246,4669,4.0,2742,3109,2.6,1504,1560,1.4,601,601,0.6,462,462,0.4,139,139,0.1,12607,13139,12.0,9743,10205,9.2,2864,2934,2.7,91,92,0.1,91,92,0.1,0,0,0.0,48178,50321,45.7
STATES:,28,Uttarakhand,1,1,0.0,60,65,1.1,20,20,0.4,0,0,0.0,3,3,0.1,0,0,0.0,394,397,7.5,371,381,7.0,147,148,2.8,0,0,0.0,1,1,0.0,41,44,0.8,35,38,0.7,6,6,0.1,34,34,0.6,0,0,0.0,148,154,2.8,3,3,0.1,0,0,0.0,0,0,0.0,374,397,7.1,224,237,4.2,150,160,2.8,19,19,0.4,16,16,0.3,3,3,0.1,435,442,8.2,393,400,7.4,42,42,0.8,4,4,0.1,4,4,0.1,0,0,0.0,1684,1732,31.9
STATES:,29,West Bengal,3,3,0.0,499,501,1.1,443,443,1.0,36,36,0.1,35,35,0.1,10,10,0.0,16800,17078,36.5,4232,4602,9.2,2280,2456,4.9,4,4,0.0,20,23,0.0,769,848,1.7,289,342,0.6,480,506,1.0,216,217,0.5,2,2,0.0,941,1052,2.0,71,91,0.2,38,38,0.1,0,0,0.0,1084,1084,2.4,1084,1084,2.4,0,0,0.0,1225,1228,2.7,1216,1219,2.6,9,9,0.0,3832,3870,8.3,3831,3869,8.3,1,1,0.0,448,453,1.0,447,452,1.0,1,1,0.0,28756,29472,62.4
STATES:,,TOTAL STATE(S),213,217,0.0,7342,7714,1.2,5208,5388,0.9,264,266,0.0,140,140,0.0,25,25,0.0,101675,104548,16.7,62400,64671,10.2,21018,21796,3.5,92,93,0.0,133,137,0.0,30570,31575,5.0,18425,19035,3.0,12145,12540,2.0,3382,3528,0.6,5,5,0.0,7200,7537,1.2,649,1076,0.1,80,90,0.0,4,4,0.0,31237,32334,5.1,21226,22161,3.5,10011,10173,1.6,4128,4346,0.7,3678,3888,0.6,450,458,0.1,82947,84837,13.6,74709,76429,12.3,8238,8408,1.4,6804,6990,1.1,6492,6630,1.1,312,360,0.1,303116,312646,49.8
UNION TERRITORIES:,30,A&N Islands,0,0,0.0,1,1,0.4,0,0,0.0,0,0,0.0,0,0,0.0,0,0,0.0,4,4,1.4,3,3,1.1,0,0,0.0,0,0,0.0,0,0,0.0,1,1,0.4,0,0,0.0,1,1,0.4,0,0,0.0,0,0,0.0,2,2,0.7,0,0,0.0,0,0,0.0,0,0,0.0,13,13,4.7,12,12,4.3,1,1,0.4,0,0,0.0,0,0,0.0,0,0,0.0,38,38,13.7,34,34,12.3,4,4,1.4,11,11,4.0,11,11,4.0,0,0,0.0,70,70,25.3
UNION TERRITORIES:,31,Chandigarh,0,0,0.0,1,1,0.1,8,8,1.1,0,0,0.0,0,0,0.0,0,0,0.0,121,121,16.0,138,147,18.2,88,97,11.6,0,0,0.0,0,0,0.0,33,33,4.4,10,10,1.3,23,23,3.0,0,0,0.0,0,0,0.0,17,17,2.2,0,0,0.0,0,0,0.0,0,0,0.0,65,65,8.6,20,20,2.6,45,45,5.9,3,3,0.4,2,2,0.3,1,1,0.1,100,101,13.2,74,74,9.8,26,27,3.4,12,12,1.6,12,12,1.6,0,0,0.0,448,458,59.2
UNION TERRITORIES:,32,D&N Haveli,0,0,0.0,0,0,0.0,0,0,0.0,0,0,0.0,0,0,0.0,0,0,0.0,4,4,2.0,0,0,0.0,0,0,0.0,0,0,0.0,0,0,0.0,0,0,0.0,0,0,0.0,0,0,0.0,0,0,0.0,0,0,0.0,0,0,0.0,0,0,0.0,0,0,0.0,0,0,0.0,1,1,0.5,1,1,0.5,0,0,0.0,0,0,0.0,0,0,0.0,0,0,0.0,3,3,1.5,3,3,1.5,0,0,0.0,0,0,0.0,0,0,0.0,0,0,0.0,8,8,3.9
UNION TERRITORIES:,33,Daman & Diu,0,0,0.0,0,0,0.0,2,2,1.8,0,0,0.0,0,0,0.0,0,0,0.0,5,5,4.4,0,0,0.0,0,0,0.0,0,0,0.0,0,0,0.0,0,0,0.0,0,0,0.0,0,0,0.0,0,0,0.0,0,0,0.0,0,0,0.0,0,0,0.0,0,0,0.0,0,0,0.0,7,7,6.2,5,5,4.4,2,2,1.8,0,0,0.0,0,0,0.0,0,0,0.0,6,6,5.3,5,5,4.4,1,1,0.9,1,1,0.9,1,1,0.9,0,0,0.0,21,21,18.6
UNION TERRITORIES:,34,Delhi,6,6,0.1,120,120,1.2,59,64,0.6,2,2,0.0,8,8,0.1,10,10,0.1,2735,2769,27.9,3783,3901,38.6,3458,3575,35.2,1,1,0.0,0,0,0.0,10,10,0.1,9,9,0.1,1,1,0.0,0,0,0.0,0,0,0.0,314,315,3.2,13,14,0.1,0,0,0.0,0,0,0.0,1229,1231,12.5,1229,1231,12.5,0,0,0.0,20,20,0.2,14,14,0.1,6,6,0.1,2874,2903,29.3,2874,2903,29.3,0,0,0.0,619,634,6.3,619,634,6.3,0,0,0.0,11478,11682,117.0
UNION TERRITORIES:,35,Lakshadweep,0,0,0.0,0,0,0.0,0,0,0.0,0,0,0.0,0,0,0.0,0,0,0.0,2,2,4.7,0,0,0.0,0,0,0.0,0,0,0.0,0,0,0.0,0,0,0.0,0,0,0.0,0,0,0.0,0,0,0.0,0,0,0.0,0,0,0.0,0,0,0.0,0,0,0.0,0,0,0.0,0,0,0.0,0,0,0.0,0,0,0.0,0,0,0.0,0,0,0.0,0,0,0.0,0,0,0.0,0,0,0.0,0,0,0.0,0,0,0.0,0,0,0.0,0,0,0.0,2,2,4.7
UNION TERRITORIES:,36,Puducherry,4,4,0.5,2,2,0.3,5,5,0.7,0,0,0.0,0,0,0.0,0,0,0.0,5,5,0.7,9,13,1.2,9,13,1.2,0,0,0.0,0,0,0.0,0,0,0.0,0,0,0.0,0,0,0.0,0,0,0.0,0,0,0.0,0,0,0.0,0,0,0.0,0,0,0.0,0,0,0.0,7,7,0.9,7,7,0.9,0,0,0.0,3,3,0.4,3,3,0.4,0,0,0.0,33,36,4.3,33,36,4.3,0,0,0.0,4,4,0.5,4,4,0.5,0,0,0.0,72,79,9.5
UNION TERRITORIES:,,TOTAL UT(S),10,10,0.1,124,124,1.0,74,79,0.6,2,2,0.0,8,8,0.1,10,10,0.1,2876,2910,24.0,3933,4064,32.9,3555,3685,29.7,1,1,0.0,0,0,0.0,44,44,0.4,19,19,0.2,25,25,0.2,0,0,0.0,0,0,0.0,333,334,2.8,13,14,0.1,0,0,0.0,0,0,0.0,1322,1324,11.0,1274,1276,10.6,48,48,0.4,26,26,0.2,19,19,0.2,7,7,0.1,3054,3087,25.5,3023,3055,25.3,31,32,0.3,647,662,5.4,647,662,5.4,0,0,0.0,12099,12320,101.1
UNION TERRITORIES:,,TOTAL ALL INDIA,223,227,0.0,7466,7838,1.2,5282,5467,0.9,266,268,0.0,148,148,0.0,35,35,0.0,104551,107458,16.8,66333,68735,10.7,24573,25481,4.0,93,94,0.0,133,137,0.0,30614,31619,4.9,18444,19054,3.0,12170,12565,2.0,3382,3528,0.5,5,5,0.0,7533,7871,1.2,662,1090,0.1,80,90,0.0,4,4,0.0,32559,33658,5.2,22500,23437,3.6,10059,10221,1.6,4154,4372,0.7,3697,3907,0.6,457,465,0.1,86001,87924,13.8,77732,79484,12.5,8269,8440,1.3,7451,7652,1.2,7139,7292,1.1,312,360,0.1,315215,324966,50.7
