section,sl_no,State/UT,"Dowry Prohibition Act, 1961 | I","Dowry Prohibition Act, 1961 | V","Dowry Prohibition Act, 1961 | R","Immoral Traffic (Prevention) Act 1956 (Women Victims cases only) | Immoral Traffic (Prevention) Act, 1956 (Total) | I","Immoral Traffic (Prevention) Act 1956 (Women Victims cases only) | Immoral Traffic (Prevention) Act, 1956 (Total) | V","Immoral Traffic (Prevention) Act 1956 (Women Victims cases only) | Immoral Traffic (Prevention) Act, 1956 (Total) | R","Immoral Traffic (Prevention) Act 1956 (Women Victims cases only) | prostitution (Section is carried on (Section | A) Procuring, inducing Children for the sake of 5) | I","Immoral Traffic (Prevention) Act 1956 (Women Victims cases only) | prostitution (Section is carried on (Section | A) Procuring, inducing Children for the sake of 5) | V","Immoral Traffic (Prevention) Act 1956 (Women Victims cases only) | prostitution (Section is carried on (Section | A) Procuring, inducing Children for the sake of 5) | R",Immoral Traffic (Prevention) Act 1956 (Women Victims cases only) | prostitution (Section is carried on (Section | B) Detaining a person in premises where prostitution 6) | I,Immoral Traffic (Prevention) Act 1956 (Women Victims cases only) | prostitution (Section is carried on (Section | B) Detaining a person in premises where prostitution 6) | V,Immoral Traffic (Prevention) Act 1956 (Women Victims cases only) | prostitution (Section is carried on (Section | B) Detaining a person in premises where prostitution 6) | R,Immoral Traffic (Prevention) Act 1956 (Women Victims cases only) | C) Prostitution in or in the vicinity of public places (Section 7) | I,Immoral Traffic (Prevention) Act 1956 (Women Victims cases only) | C) Prostitution in or in the vicinity of public places (Section 7) | V,Immoral Traffic (Prevention) Act 1956 (Women Victims cases only) | C) Prostitution in or in the vicinity of public places (Section 7) | R,Immoral Traffic (Prevention) Act 1956 (Women Victims cases only) | D) Seducing or soliciting for purpose of prostitution (Section 8) | I,Immoral Traffic (Prevention) Act 1956 (Women Victims cases only) | D) Seducing or soliciting for purpose of prostitution (Section 8) | V,Immoral Traffic (Prevention) Act 1956 (Women Victims cases only) | D) Seducing or soliciting for purpose of prostitution (Section 8) | R,Immoral Traffic (Prevention) Act 1956 (Women Victims cases only) | E) Other Sections under ITP Act | I,Immoral Traffic (Prevention) Act 1956 (Women Victims cases only) | E) Other Sections under ITP Act | V,Immoral Traffic (Prevention) Act 1956 (Women Victims cases only) | E) Other Sections under ITP Act | R,Protection of Women from Domestic Violence Act | I,Protection of Women from Domestic Violence Act | V,Protection of Women from Domestic Violence Act | R,Cyber Crimes/Information Technology Act (Women Centric Crimes only) | Cyber Crimes/Information Technology Act (Women Centric Crimes only) (Total) | I,Cyber Crimes/Information Technology Act (Women Centric Crimes only) | Cyber Crimes/Information Technology Act (Women Centric Crimes only) (Total) | V,Cyber Crimes/Information Technology Act (Women Centric Crimes only) | Cyber Crimes/Information Technology Act (Women Centric Crimes only) (Total) | R,Cyber Crimes/Information Technology Act (Women Centric Crimes only) | A) Publishing or Transmitting of Sexually Explicit Material (Sec. 67A/67B (Girls) IT Act) | I,Cyber Crimes/Information Technology Act (Women Centric Crimes only) | A) Publishing or Transmitting of Sexually Explicit Material (Sec. 67A/67B (Girls) IT Act) | V,Cyber Crimes/Information Technology Act (Women Centric Crimes only) | A) Publishing or Transmitting of Sexually Explicit Material (Sec. 67A/67B (Girls) IT Act) | R,Cyber Crimes/Information Technology Act (Women Centric Crimes only) | B) Other Women Centric Cyber Crimes (Ex. Blackmailing/ Defamation/Morphing/ Fake Profile) | I,Cyber Crimes/Information Technology Act (Women Centric Crimes only) | B) Other Women Centric Cyber Crimes (Ex. Blackmailing/ Defamation/Morphing/ Fake Profile) | V,Cyber Crimes/Information Technology Act (Women Centric Crimes only) | B) Other Women Centric Cyber Crimes (Ex. Blackmailing/ Defamation/Morphing/ Fake Profile) | R,Protection of Children from Sexual Violence Act (Girl Child Victims only) | Protection of Children from Sexual Violence Act (Girl Child Victims only) (Total) | I,Protection of Children from Sexual Violence Act (Girl Child Victims only) | Protection of Children from Sexual Violence Act (Girl Child Victims only) (Total) | V,Protection of Children from Sexual Violence Act (Girl Child Victims only) | Protection of Children from Sexual Violence Act (Girl Child Victims only) (Total) | R,Protection of Children from Sexual Violence Act (Girl Child Victims only) | A) Child Rape (Sec. 4 & 6 of POCSO Act) / Sec. 376 IPC) | I,Protection of Children from Sexual Violence Act (Girl Child Victims only) | A) Child Rape (Sec. 4 & 6 of POCSO Act) / Sec. 376 IPC) | V,Protection of Children from Sexual Violence Act (Girl Child Victims only) | A) Child Rape (Sec. 4 & 6 of POCSO Act) / Sec. 376 IPC) | R,Protection of Children from Sexual Violence Act (Girl Child Victims only) | B) Sexual Assault of Children (Sec. 8 & 10 of POCSO Act) / Sec. 354 IPC) | I,Protection of Children from Sexual Violence Act (Girl Child Victims only) | B) Sexual Assault of Children (Sec. 8 & 10 of POCSO Act) / Sec. 354 IPC) | V,Protection of Children from Sexual Violence Act (Girl Child Victims only) | B) Sexual Assault of Children (Sec. 8 & 10 of POCSO Act) / Sec. 354 IPC) | R,Protection of Children from Sexual Violence Act (Girl Child Victims only) | C) Sexual Harassment (Sec. 12 of POCSO Act) / Sec. 509 IPC) | I,Protection of Children from Sexual Violence Act (Girl Child Victims only) | C) Sexual Harassment (Sec. 12 of POCSO Act) / Sec. 509 IPC) | V,Protection of Children from Sexual Violence Act (Girl Child Victims only) | C) Sexual Harassment (Sec. 12 of POCSO Act) / Sec. 509 IPC) | R,Protection of Children from Sexual Violence Act (Girl Child Victims only) | D) Use of Child for Pornography/Storing Child Pornography Material (Sec. 14 & 15 of POCSO Act) | I,Protection of Children from Sexual Violence Act (Girl Child Victims only) | D) Use of Child for Pornography/Storing Child Pornography Material (Sec. 14 & 15 of POCSO Act) | V,Protection of Children from Sexual Violence Act (Girl Child Victims only) | D) Use of Child for Pornography/Storing Child Pornography Material (Sec. 14 & 15 of POCSO Act) | R,Protection of Children from Sexual Violence Act (Girl Child Victims only) | E) POCSO Act (Sections 17 to 22) / Other offences of POCSO Act | I,Protection of Children from Sexual Violence Act (Girl Child Victims only) | E) POCSO Act (Sections 17 to 22) / Other offences of POCSO Act | V,Protection of Children from Sexual Violence Act (Girl Child Victims only) | E) POCSO Act (Sections 17 to 22) / Other offences of POCSO Act | R,Protection of Children from Sexual Violence Act (Girl Child Victims only) | F) POCSO Act r/w Section 377 IPC / Unnatural Offences | I,Protection of Children from Sexual Violence Act (Girl Child Victims only) | F) POCSO Act r/w Section 377 IPC / Unnatural Offences | V,Protection of Children from Sexual Violence Act (Girl Child Victims only) | F) POCSO Act r/w Section 377 IPC / Unnatural Offences | R,"Indecent Representation of Women (Prohibition) Act, 1986 | I","Indecent Representation of Women (Prohibition) Act, 1986 | V","Indecent Representation of Women (Prohibition) Act, 1986 | R",Total SLL Crimes against Women | I,Total SLL Crimes against Women | V,Total SLL Crimes against Women | R,Total Crime against Women (IPC+SLL) | I,Total Crime against Women (IPC+SLL) | V,Total Crime against Women (IPC+SLL) | R
STATES:,1,Andhra Pradesh,434,440,1.7,121,150,0.5,24,37,0.1,5,5,0.0,5,8,0.0,0,0,0.0,87,100,0.3,0,0,0.0,15,15,0.1,1,1,0.0,14,14,0.1,377,412,1.5,183,209,0.7,107,111,0.4,84,89,0.3,0,0,0.0,2,2,0.0,1,1,0.0,2,5,0.0,949,1022,3.7,17909,18611,68.9
STATES:,2,Arunachal Pradesh,0,0,0.0,2,2,0.3,0,0,0.0,0,0,0.0,1,1,0.2,1,1,0.2,0,0,0.0,0,0,0.0,0,0,0.0,0,0,0.0,0,0,0.0,14,15,2.2,10,11,1.6,4,4,0.6,0,0,0.0,0,0,0.0,0,0,0.0,0,0,0.0,1,1,0.2,17,18,2.7,337,400,53.4
STATES:,3,Assam,191,196,1.2,40,40,0.2,5,5,0.0,3,3,0.0,1,1,0.0,1,1,0.0,30,30,0.2,0,0,0.0,169,169,1.1,76,76,0.5,93,93,0.6,1147,1157,7.1,788,798,4.9,205,205,1.3,69,69,0.4,3,3,0.0,1,1,0.0,81,81,0.5,0,0,0.0,1547,1562,9.6,23082,24449,143.6
STATES:,4,Bihar,1097,1097,2.1,24,24,0.0,16,16,0.0,0,0,0.0,5,5,0.0,0,0,0.0,3,3,0.0,81,81,0.2,4,4,0.0,4,4,0.0,0,0,0.0,1333,1333,2.6,599,599,1.2,697,697,1.4,10,10,0.0,26,26,0.1,1,1,0.0,0,0,0.0,0,0,0.0,2539,2539,5.0,14711,14728,28.8
STATES:,5,Chhattisgarh,35,35,0.3,16,27,0.1,0,0,0.0,0,0,0.0,7,18,0.1,0,0,0.0,9,9,0.1,2,2,0.0,5,5,0.0,1,1,0.0,4,4,0.0,1667,1694,12.7,1095,1103,8.4,525,544,4.0,24,24,0.2,6,6,0.0,12,12,0.1,5,5,0.0,0,0,0.0,1725,1763,13.2,7996,8129,61.1
STATES:,6,Goa,0,0,0.0,1,1,0.1,1,1,0.1,0,0,0.0,0,0,0.0,0,0,0.0,0,0,0.0,0,0,0.0,0,0,0.0,0,0,0.0,0,0,0.0,0,0,0.0,0,0,0.0,0,0,0.0,0,0,0.0,0,0,0.0,0,0,0.0,0,0,0.0,0,0,0.0,1,1,0.1,369,414,39.6
STATES:,7,Gujarat,0,0,0.0,28,37,0.1,3,10,0.0,13,13,0.0,4,6,0.0,2,2,0.0,6,6,0.0,1,1,0.0,10,10,0.0,3,3,0.0,7,7,0.0,1671,1677,5.6,1233,1237,4.1,310,312,1.0,23,23,0.1,0,0,0.0,104,104,0.3,1,1,0.0,0,0,0.0,1710,1725,5.7,8133,8177,27.0
STATES:,8,Haryana,21,22,0.2,57,70,0.4,11,17,0.1,5,5,0.0,7,7,0.1,11,11,0.1,23,30,0.2,3,3,0.0,16,16,0.1,6,6,0.0,10,10,0.1,1070,1076,8.3,619,620,4.8,366,368,2.9,75,78,0.6,1,1,0.0,8,8,0.1,1,1,0.0,0,0,0.0,1167,1187,9.1,11370,11528,88.7
STATES:,9,Himachal Pradesh,1,1,0.0,8,12,0.2,6,10,0.2,1,1,0.0,0,0,0.0,0,0,0.0,1,1,0.0,4,4,0.1,20,26,0.6,6,11,0.2,14,15,0.4,4,4,0.1,2,2,0.1,2,2,0.1,0,0,0.0,0,0,0.0,0,0,0.0,0,0,0.0,1,1,0.0,38,48,1.1,1246,1262,35.7
STATES:,10,Jammu & Kashmir,1,1,0.0,0,0,0.0,0,0,0.0,0,0,0.0,0,0,0.0,0,0,0.0,0,0,0.0,0,0,0.0,4,4,0.1,2,2,0.0,2,2,0.0,0,0,0.0,0,0,0.0,0,0,0.0,0,0,0.0,0,0,0.0,0,0,0.0,0,0,0.0,0,0,0.0,5,5,0.1,3129,3223,51.9
STATES:,11,Jharkhand,1186,1329,7.1,4,4,0.0,0,0,0.0,0,0,0.0,0,0,0.0,0,0,0.0,4,4,0.0,70,89,0.4,0,0,0.0,0,0,0.0,0,0,0.0,377,377,2.3,253,253,1.5,28,28,0.2,35,35,0.2,24,24,0.1,32,32,0.2,5,5,0.0,0,0,0.0,1637,1799,9.8,5911,6223,35.6
STATES:,12,Karnataka,1567,1592,5.0,236,386,0.8,66,96,0.2,65,138,0.2,41,57,0.1,12,30,0.0,52,65,0.2,0,0,0.0,34,35,0.1,24,24,0.1,10,11,0.0,1941,2020,6.2,1305,1353,4.2,364,377,1.2,200,209,0.6,46,51,0.1,21,25,0.1,5,5,0.0,1,1,0.0,3779,4034,12.1,14078,14946,45.2
STATES:,13,Kerala,9,9,0.0,21,23,0.1,0,0,0.0,2,2,0.0,8,10,0.0,7,7,0.0,4,4,0.0,137,141,0.7,22,23,0.1,10,11,0.1,12,12,0.1,847,865,4.6,211,212,1.1,440,455,2.4,90,92,0.5,79,79,0.4,17,17,0.1,10,10,0.1,4,4,0.0,1040,1065,5.7,11057,11354,60.2
STATES:,14,Madhya Pradesh,44,44,0.1,27,27,0.1,1,1,0.0,4,4,0.0,6,6,0.0,11,11,0.0,5,5,0.0,241,241,0.6,22,22,0.1,21,21,0.1,1,1,0.0,1535,1537,4.0,948,950,2.5,571,571,1.5,7,7,0.0,8,8,0.0,0,0,0.0,1,1,0.0,1,1,0.0,1870,1872,4.9,29788,30274,78.6
STATES:,15,Maharashtra,36,36,0.1,248,461,0.4,91,173,0.2,16,22,0.0,31,56,0.1,81,145,0.1,29,65,0.0,11,11,0.0,31,32,0.1,14,14,0.0,17,18,0.0,5174,5383,8.9,2385,2396,4.1,2745,2943,4.7,36,36,0.1,4,4,0.0,1,1,0.0,3,3,0.0,0,0,0.0,5500,5923,9.5,31979,33230,55.0
STATES:,16,Manipur,0,0,0.0,0,0,0.0,0,0,0.0,0,0,0.0,0,0,0.0,0,0,0.0,0,0,0.0,0,0,0.0,1,1,0.1,0,0,0.0,1,1,0.1,22,24,1.7,12,14,0.9,7,7,0.5,3,3,0.2,0,0,0.0,0,0,0.0,0,0,0.0,0,0,0.0,23,25,1.8,236,242,18.1
STATES:,17,Meghalaya,1,1,0.1,0,0,0.0,0,0,0.0,0,0,0.0,0,0,0.0,0,0,0.0,0,0,0.0,0,0,0.0,3,3,0.2,2,2,0.1,1,1,0.1,239,243,17.2,164,167,11.8,69,69,5.0,1,2,0.1,0,0,0.0,5,5,0.4,0,0,0.0,0,0,0.0,243,247,17.4,567,573,40.7
STATES:,18,Mizoram,0,0,0.0,0,0,0.0,0,0,0.0,0,0,0.0,0,0,0.0,0,0,0.0,0,0,0.0,0,0,0.0,1,1,0.2,0,0,0.0,1,1,0.2,188,197,35.9,123,130,23.5,57,59,10.9,8,8,1.5,0,0,0.0,0,0,0.0,0,0,0.0,0,0,0.0,189,198,36.1,301,310,57.6
STATES:,19,Nagaland,0,0,0.0,3,18,0.3,0,0,0.0,1,1,0.1,2,17,0.2,0,0,0.0,0,0,0.0,0,0,0.0,0,0,0.0,0,0,0.0,0,0,0.0,41,43,3.6,26,28,2.3,14,14,1.2,1,1,0.1,0,0,0.0,0,0,0.0,0,0,0.0,0,0,0.0,44,61,3.8,79,97,6.9
STATES:,20,Odisha,2316,2316,10.9,21,21,0.1,7,7,0.0,0,0,0.0,0,0,0.0,0,0,0.0,14,14,0.1,0,0,0.0,23,23,0.1,23,23,0.1,0,0,0.0,207,207,1.0,150,150,0.7,46,46,0.2,3,3,0.0,8,8,0.0,0,0,0.0,0,0,0.0,2,2,0.0,2569,2569,12.1,20098,20160,94.5
STATES:,21,Punjab,4,4,0.0,7,17,0.1,1,2,0.0,0,0,0.0,3,5,0.0,0,0,0.0,3,10,0.0,0,0,0.0,13,13,0.1,3,3,0.0,10,10,0.1,473,477,3.5,374,375,2.8,65,67,0.5,1,1,0.0,31,32,0.2,1,1,0.0,1,1,0.0,4,4,0.0,501,515,3.7,4620,4829,34.1
STATES:,22,Rajasthan,1,1,0.0,86,133,0.2,12,12,0.0,3,3,0.0,21,22,0.1,24,66,0.1,26,30,0.1,9,9,0.0,10,11,0.0,5,6,0.0,5,5,0.0,1143,1145,3.2,619,620,1.7,266,266,0.7,19,19,0.1,80,81,0.2,158,158,0.4,1,1,0.0,6,6,0.0,1255,1305,3.5,25993,26164,73.3
STATES:,23,Sikkim,0,0,0.0,0,0,0.0,0,0,0.0,0,0,0.0,0,0,0.0,0,0,0.0,0,0,0.0,0,0,0.0,0,0,0.0,0,0,0.0,0,0,0.0,84,121,27.4,55,69,17.9,25,48,8.1,4,4,1.3,0,0,0.0,0,0,0.0,0,0,0.0,0,0,0.0,84,121,27.4,163,202,53.1
STATES:,24,Tamil Nadu,225,225,0.6,403,585,1.2,266,407,0.8,24,26,0.1,44,77,0.1,7,7,0.0,62,68,0.2,1,1,0.0,27,29,0.1,8,10,0.0,19,19,0.1,1568,1587,4.5,1139,1148,3.3,291,293,0.8,90,93,0.3,8,8,0.0,15,15,0.0,25,30,0.1,2,2,0.0,2226,2429,6.4,5397,5619,15.5
STATES:,25,Telangana,11,13,0.1,79,102,0.4,17,24,0.1,5,7,0.0,1,1,0.0,0,0,0.0,56,70,0.3,0,0,0.0,39,39,0.2,24,24,0.1,15,15,0.1,1620,1642,8.8,1022,1023,5.5,393,412,2.1,200,202,1.1,1,1,0.0,4,4,0.0,0,0,0.0,0,0,0.0,1749,1796,9.5,17521,18935,94.7
STATES:,26,Tripura,0,0,0.0,0,0,0.0,0,0,0.0,0,0,0.0,0,0,0.0,0,0,0.0,0,0,0.0,0,0,0.0,0,0,0.0,0,0,0.0,0,0,0.0,137,153,7.2,90,106,4.7,47,47,2.5,0,0,0.0,0,0,0.0,0,0,0.0,0,0,0.0,0,0,0.0,137,153,7.2,972,1024,51.2
STATES:,27,Uttar Pradesh,2938,2939,2.8,25,25,0.0,13,13,0.0,8,8,0.0,3,3,0.0,1,1,0.0,0,0,0.0,51,51,0.0,28,28,0.0,17,17,0.0,11,11,0.0,4791,4822,4.5,1580,1592,1.5,3010,3026,2.9,84,86,0.1,4,5,0.0,109,109,0.1,4,4,0.0,0,0,0.0,7833,7865,7.4,56011,58186,53.2
STATES:,28,Uttarakhand,50,52,0.9,6,9,0.1,0,0,0.0,0,0,0.0,5,8,0.1,1,1,0.0,0,0,0.0,0,0,0.0,20,20,0.4,2,2,0.0,18,18,0.3,184,185,3.5,180,181,3.4,4,4,0.1,0,0,0.0,0,0,0.0,0,0,0.0,0,0,0.0,0,0,0.0,260,266,4.9,1944,1998,36.8
STATES:,29,West Bengal,0,0,0.0,67,98,0.1,3,5,0.0,2,2,0.0,2,3,0.0,0,0,0.0,60,88,0.1,3,3,0.0,60,60,0.1,4,4,0.0,56,56,0.1,2106,2131,4.6,1188,1210,2.6,626,629,1.4,165,165,0.4,2,2,0.0,125,125,0.3,0,0,0.0,0,0,0.0,2236,2292,4.9,30992,31764,67.3
STATES:,,TOTAL STATE(S),10168,10353,1.7,1530,2272,0.3,543,836,0.1,157,240,0.0,197,311,0.0,159,283,0.0,474,602,0.1,614,637,0.1,577,589,0.1,256,265,0.0,321,324,0.1,29960,30527,4.9,16353,16556,2.7,11284,11604,1.9,1232,1259,0.2,331,339,0.1,616,620,0.1,144,149,0.0,24,27,0.0,42873,44405,7.0,345989,357051,56.8
UNION TERRITORIES:,30,A&N Islands,0,0,0.0,0,0,0.0,0,0,0.0,0,0,0.0,0,0,0.0,0,0,0.0,0,0,0.0,0,0,0.0,0,0,0.0,0,0,0.0,0,0,0.0,62,62,22.4,47,47,17.0,12,12,4.3,3,3,1.1,0,0,0.0,0,0,0.0,0,0,0.0,0,0,0.0,62,62,22.4,132,132,47.7
UNION TERRITORIES:,31,Chandigarh,0,0,0.0,0,0,0.0,0,0,0.0,0,0,0.0,0,0,0.0,0,0,0.0,0,0,0.0,0,0,0.0,3,3,0.4,2,2,0.3,1,1,0.1,2,2,0.3,0,0,0.0,0,0,0.0,2,2,0.3,0,0,0.0,0,0,0.0,0,0,0.0,0,0,0.0,5,5,0.7,453,463,59.8
UNION TERRITORIES:,32,D&N Haveli,0,0,0.0,0,0,0.0,0,0,0.0,0,0,0.0,0,0,0.0,0,0,0.0,0,0,0.0,0,0,0.0,0,0,0.0,0,0,0.0,0,0,0.0,12,12,5.9,6,6,3.0,2,2,1.0,4,4,2.0,0,0,0.0,0,0,0.0,0,0,0.0,0,0,0.0,12,12,5.9,20,20,9.9
UNION TERRITORIES:,33,Daman & Diu,0,0,0.0,0,0,0.0,0,0,0.0,0,0,0.0,0,0,0.0,0,0,0.0,0,0,0.0,0,0,0.0,0,0,0.0,0,0,0.0,0,0,0.0,5,5,4.4,3,3,2.7,1,1,0.9,1,1,0.9,0,0,0.0,0,0,0.0,0,0,0.0,0,0,0.0,5,5,4.4,26,26,23.0
UNION TERRITORIES:,34,Delhi,11,12,0.1,6,6,0.1,0,0,0.0,0,0,0.0,0,0,0.0,0,0,0.0,6,6,0.1,2,2,0.0,20,20,0.2,13,13,0.1,7,7,0.1,1558,1574,15.9,929,941,9.5,591,593,6.0,35,37,0.4,0,0,0.0,0,0,0.0,3,3,0.0,1,1,0.0,1598,1615,16.3,13076,13297,133.3
UNION TERRITORIES:,35,Lakshadweep,0,0,0.0,0,0,0.0,0,0,0.0,0,0,0.0,0,0,0.0,0,0,0.0,0,0,0.0,0,0,0.0,0,0,0.0,0,0,0.0,0,0,0.0,4,4,9.3,3,3,7.0,1,1,2.3,0,0,0.0,0,0,0.0,0,0,0.0,0,0,0.0,0,0,0.0,4,4,9.3,6,6,14.0
UNION TERRITORIES:,36,Puducherry,10,10,1.3,0,0,0.0,0,0,0.0,0,0,0.0,0,0,0.0,0,0,0.0,0,0,0.0,0,0,0.0,0,0,0.0,0,0,0.0,0,0,0.0,65,68,8.6,41,41,5.4,8,11,1.1,16,16,2.1,0,0,0.0,0,0,0.0,0,0,0.0,0,0,0.0,75,78,9.9,147,157,19.3
UNION TERRITORIES:,,TOTAL UT(S),21,22,0.2,6,6,0.1,0,0,0.0,0,0,0.0,0,0,0.0,0,0,0.0,6,6,0.1,2,2,0.0,23,23,0.2,15,15,0.1,8,8,0.1,1708,1727,14.3,1029,1041,8.6,615,620,5.1,61,63,0.5,0,0,0.0,0,0,0.0,3,3,0.0,1,1,0.0,1761,1781,14.7,13860,14101,115.8
UNION TERRITORIES:,,TOTAL ALL INDIA,10189,10375,1.6,1536,2278,0.2,543,836,0.1,157,240,0.0,197,311,0.0,159,283,0.0,480,608,0.1,616,639,0.1,600,612,0.1,271,280,0.0,329,332,0.1,31668,32254,5.1,17382,17597,2.8,11899,12224,1.9,1293,1322,0.2,331,339,0.1,616,620,0.1,147,152,0.0,25,28,0.0,44634,46186,7.2,359849,371152,57.9
