section,sl_no,State/UT,"Dowry Prohibition Act, 1961 | I","Dowry Prohibition Act, 1961 | V","Dowry Prohibition Act, 1961 | R","Immoral Traffic (Prevention) Act, 1956 (Women Victims cases only) | Immoral Traffic (Prevention) Act, 1956 (Total) | I","Immoral Traffic (Prevention) Act, 1956 (Women Victims cases only) | Immoral Traffic (Prevention) Act, 1956 (Total) | V","Immoral Traffic (Prevention) Act, 1956 (Women Victims cases only) | Immoral Traffic (Prevention) Act, 1956 (Total) | R","Immoral Traffic (Prevention) Act, 1956 (Women Victims cases only) | A) Procuring, inducing Children for the sake of prostitution (Sec. 5) | I","Immoral Traffic (Prevention) Act, 1956 (Women Victims cases only) | A) Procuring, inducing Children for the sake of prostitution (Sec. 5) | V","Immoral Traffic (Prevention) Act, 1956 (Women Victims cases only) | A) Procuring, inducing Children for the sake of prostitution (Sec. 5) | R","Immoral Traffic (Prevention) Act, 1956 (Women Victims cases only) | B) Detaining a person in premises where prostitution is carried on (Sec. 6) | I","Immoral Traffic (Prevention) Act, 1956 (Women Victims cases only) | B) Detaining a person in premises where prostitution is carried on (Sec. 6) | V","Immoral Traffic (Prevention) Act, 1956 (Women Victims cases only) | B) Detaining a person in premises where prostitution is carried on (Sec. 6) | R","Immoral Traffic (Prevention) Act, 1956 (Women Victims cases only) | C) Prostitution in or in the vicinity of public places (Section 7) | I","Immoral Traffic (Prevention) Act, 1956 (Women Victims cases only) | C) Prostitution in or in the vicinity of public places (Section 7) | V","Immoral Traffic (Prevention) Act, 1956 (Women Victims cases only) | C) Prostitution in or in the vicinity of public places (Section 7) | R","Immoral Traffic (Prevention) Act, 1956 (Women Victims cases only) | D) Seducing or soliciting for purpose of prostitution (Section 8) | I","Immoral Traffic (Prevention) Act, 1956 (Women Victims cases only) | D) Seducing or soliciting for purpose of prostitution (Section 8) | V","Immoral Traffic (Prevention) Act, 1956 (Women Victims cases only) | D) Seducing or soliciting for purpose of prostitution (Section 8) | R","Immoral Traffic (Prevention) Act, 1956 (Women Victims cases only) | E) Other Sections under ITP Act | I","Immoral Traffic (Prevention) Act, 1956 (Women Victims cases only) | E) Other Sections under ITP Act | V","Immoral Traffic (Prevention) Act, 1956 (Women Victims cases only) | E) Other Sections under ITP Act | R",Protection of Women from Domestic Violence Act | I,Protection of Women from Domestic Violence Act | V,Protection of Women from Domestic Violence Act | R,Cyber Crimes/Information Technology Act (Women Centric Crimes only) | Cyber Crimes/Information Technology Act (Women Centric Crimes only) (Total) | I,Cyber Crimes/Information Technology Act (Women Centric Crimes only) | Cyber Crimes/Information Technology Act (Women Centric Crimes only) (Total) | V,Cyber Crimes/Information Technology Act (Women Centric Crimes only) | Cyber Crimes/Information Technology Act (Women Centric Crimes only) (Total) | R,Cyber Crimes/Information Technology Act (Women Centric Crimes only) | A) Publishing or Transmitting of Sexually Explicit Material (Sec. 67A/67B (Girls) IT Act) | I,Cyber Crimes/Information Technology Act (Women Centric Crimes only) | A) Publishing or Transmitting of Sexually Explicit Material (Sec. 67A/67B (Girls) IT Act) | V,Cyber Crimes/Information Technology Act (Women Centric Crimes only) | A) Publishing or Transmitting of Sexually Explicit Material (Sec. 67A/67B (Girls) IT Act) | R,Cyber Crimes/Information Technology Act (Women Centric Crimes only) | B) Other Women Centric Cyber Crimes (Ex. Blackmailing/ Defamation/Morphing/ Fake Profile) | I,Cyber Crimes/Information Technology Act (Women Centric Crimes only) | B) Other Women Centric Cyber Crimes (Ex. Blackmailing/ Defamation/Morphing/ Fake Profile) | V,Cyber Crimes/Information Technology Act (Women Centric Crimes only) | B) Other Women Centric Cyber Crimes (Ex. Blackmailing/ Defamation/Morphing/ Fake Profile) | R,Protection of Children from Sexual Offences Act (Girl Child Victims only) | Protection of Children from Sexual Offences Act (Total) | I,Protection of Children from Sexual Offences Act (Girl Child Victims only) | Protection of Children from Sexual Offences Act (Total) | V,Protection of Children from Sexual Offences Act (Girl Child Victims only) | Protection of Children from Sexual Offences Act (Total) | R,Protection of Children from Sexual Offences Act (Girl Child Victims only) | A) Child Rape (Sec.4 & 6 of POCSO Act/ Sec 376 IPC) | I,Protection of Children from Sexual Offences Act (Girl Child Victims only) | A) Child Rape (Sec.4 & 6 of POCSO Act/ Sec 376 IPC) | V,Protection of Children from Sexual Offences Act (Girl Child Victims only) | A) Child Rape (Sec.4 & 6 of POCSO Act/ Sec 376 IPC) | R,Protection of Children from Sexual Offences Act (Girl Child Victims only) | B) Sexual Assault of Children (Sec.8 & 10 of POCSO Act) / Sec.354 IPC) | I,Protection of Children from Sexual Offences Act (Girl Child Victims only) | B) Sexual Assault of Children (Sec.8 & 10 of POCSO Act) / Sec.354 IPC) | V,Protection of Children from Sexual Offences Act (Girl Child Victims only) | B) Sexual Assault of Children (Sec.8 & 10 of POCSO Act) / Sec.354 IPC) | R,Protection of Children from Sexual Offences Act (Girl Child Victims only) | C) Sexual Harassment (Sec. 12 of POCSO Act) / Sec. 509 IPC) | I,Protection of Children from Sexual Offences Act (Girl Child Victims only) | C) Sexual Harassment (Sec. 12 of POCSO Act) / Sec. 509 IPC) | V,Protection of Children from Sexual Offences Act (Girl Child Victims only) | C) Sexual Harassment (Sec. 12 of POCSO Act) / Sec. 509 IPC) | R,Protection of Children from Sexual Offences Act (Girl Child Victims only) | D) Use of Child for Pornography/ Storing Child Pornography Material (Sec.14 & 15 of POCSO Act) | I,Protection of Children from Sexual Offences Act (Girl Child Victims only) | D) Use of Child for Pornography/ Storing Child Pornography Material (Sec.14 & 15 of POCSO Act) | V,Protection of Children from Sexual Offences Act (Girl Child Victims only) | D) Use of Child for Pornography/ Storing Child Pornography Material (Sec.14 & 15 of POCSO Act) | R,Protection of Children from Sexual Offences Act (Girl Child Victims only) | E) POCSO Act (Sections 17 to 22) / Other offences of POCSO Act | I,Protection of Children from Sexual Offences Act (Girl Child Victims only) | E) POCSO Act (Sections 17 to 22) / Other offences of POCSO Act | V,Protection of Children from Sexual Offences Act (Girl Child Victims only) | E) POCSO Act (Sections 17 to 22) / Other offences of POCSO Act | R,Protection of Children from Sexual Offences Act (Girl Child Victims only) | F) POCSO Act r/w Section 377 IPC / Unnatural Offences | I,Protection of Children from Sexual Offences Act (Girl Child Victims only) | F) POCSO Act r/w Section 377 IPC / Unnatural Offences | V,Protection of Children from Sexual Offences Act (Girl Child Victims only) | F) POCSO Act r/w Section 377 IPC / Unnatural Offences | R,"Indecent Representation of Women (Prohibition) Act, | I","Indecent Representation of Women (Prohibition) Act, | V","Indecent Representation of Women (Prohibition) Act, | R",Total SLL Crimes against Women | I,Total SLL Crimes against Women | V,Total SLL Crimes against Women | R,Total Crime against Women (IPC+SLL) | I,Total Crime against Women (IPC+SLL) | V,Total Crime against Women (IPC+SLL) | R
STATES:,1,Andhra Pradesh,353,353,1.3,68,84,0.3,11,12,0.0,1,4,0.0,11,11,0.0,0,0,0.0,45,57,0.2,0,0,0.0,79,87,0.3,68,76,0.3,11,11,0.0,1907,1910,7.2,855,858,3.2,552,552,2.1,488,488,1.8,9,9,0.0,3,3,0.0,0,0,0.0,3,3,0.0,2410,2437,9.1,22418,22804,84.2
STATES:,2,Arunachal Pradesh,0,0,0.0,0,0,0.0,0,0,0.0,0,0,0.0,0,0,0.0,0,0,0.0,0,0,0.0,0,0,0.0,0,0,0.0,0,0,0.0,0,0,0.0,55,58,7.2,42,42,5.5,11,13,1.4,1,2,0.1,1,1,0.1,0,0,0.0,0,0,0.0,0,0,0.0,55,58,7.2,326,344,42.8
STATES:,3,Assam,162,162,0.9,30,31,0.2,3,3,0.0,0,0,0.0,0,0,0.0,0,0,0.0,27,28,0.2,3,3,0.0,182,186,1.0,97,101,0.6,85,85,0.5,2549,2574,14.5,1816,1823,10.3,475,481,2.7,121,133,0.7,12,12,0.1,125,125,0.7,0,0,0.0,0,0,0.0,2926,2956,16.6,12070,12475,68.6
STATES:,4,Bihar,3665,3665,6.0,58,90,0.1,29,55,0.0,11,11,0.0,2,3,0.0,0,0,0.0,16,21,0.0,1,1,0.0,100,100,0.2,20,20,0.0,80,80,0.1,2307,2307,3.8,925,925,1.5,844,844,1.4,190,190,0.3,345,345,0.6,0,0,0.0,3,3,0.0,2,2,0.0,6133,6165,10.0,22952,23067,37.5
STATES:,5,Chhattisgarh,8,8,0.1,12,14,0.1,0,0,0.0,0,0,0.0,11,12,0.1,0,0,0.0,1,2,0.0,0,0,0.0,198,199,1.3,195,196,1.3,3,3,0.0,1978,2017,13.1,1503,1505,10.0,441,478,2.9,25,25,0.2,6,6,0.0,2,2,0.0,1,1,0.0,0,0,0.0,2196,2238,14.5,8035,8143,53.2
STATES:,6,Goa,0,0,0.0,0,0,0.0,0,0,0.0,0,0,0.0,0,0,0.0,0,0,0.0,0,0,0.0,0,0,0.0,9,18,1.1,8,17,1.0,1,1,0.1,0,0,0.0,0,0,0.0,0,0,0.0,0,0,0.0,0,0,0.0,0,0,0.0,0,0,0.0,0,0,0.0,9,18,1.1,286,327,36.5
STATES:,7,Gujarat,3,3,0.0,80,144,0.2,6,11,0.0,22,50,0.1,42,68,0.1,1,1,0.0,9,14,0.0,2,2,0.0,54,54,0.2,45,45,0.1,9,9,0.0,2548,2570,7.5,2279,2301,6.7,232,232,0.7,25,25,0.1,6,6,0.0,5,5,0.0,1,1,0.0,0,0,0.0,2687,2773,7.9,7805,7948,22.9
STATES:,8,Haryana,14,14,0.1,38,38,0.3,11,11,0.1,2,2,0.0,9,9,0.1,0,0,0.0,16,16,0.1,5,5,0.0,103,103,0.7,96,96,0.7,7,7,0.0,2044,2058,14.3,1372,1377,9.6,521,525,3.6,124,125,0.9,4,8,0.0,23,23,0.2,0,0,0.0,0,0,0.0,2204,2218,15.4,15758,15852,110.3
STATES:,9,Himachal Pradesh,2,2,0.1,10,19,0.3,6,9,0.2,0,0,0.0,0,0,0.0,0,0,0.0,4,10,0.1,2,2,0.1,21,21,0.6,21,21,0.6,0,0,0.0,3,3,0.1,0,0,0.0,0,0,0.0,2,2,0.1,1,1,0.0,0,0,0.0,0,0,0.0,0,0,0.0,38,47,1.0,1604,1632,43.5
STATES:,10,Jharkhand,1487,1567,7.7,2,2,0.0,0,0,0.0,1,1,0.0,0,0,0.0,0,0,0.0,1,1,0.0,96,96,0.5,12,12,0.1,12,12,0.1,0,0,0.0,827,828,4.3,657,657,3.4,93,94,0.5,69,69,0.4,7,7,0.0,1,1,0.0,0,0,0.0,0,0,0.0,2424,2505,12.5,6989,7207,36.1
STATES:,11,Karnataka,2322,2397,6.9,308,548,0.9,106,186,0.3,94,190,0.3,37,66,0.1,3,12,0.0,68,94,0.2,0,0,0.0,458,478,1.4,457,477,1.4,1,1,0.0,3854,3932,11.5,3099,3115,9.3,506,536,1.5,196,222,0.6,30,30,0.1,22,28,0.1,1,1,0.0,1,1,0.0,6943,7356,20.8,20336,22545,60.9
STATES:,12,Kerala,21,21,0.1,13,15,0.1,0,0,0.0,1,3,0.0,3,3,0.0,1,1,0.0,8,8,0.0,480,485,2.6,369,414,2.0,333,378,1.8,36,36,0.2,3765,3781,20.2,1719,1725,9.2,1529,1537,8.2,469,471,2.5,34,34,0.2,14,14,0.1,0,0,0.0,0,0,0.0,4648,4716,25.0,16025,16313,86.1
STATES:,13,Madhya Pradesh,65,68,0.2,21,39,0.0,5,11,0.0,2,4,0.0,9,12,0.0,2,2,0.0,3,10,0.0,20,20,0.0,52,52,0.1,38,38,0.1,14,14,0.0,6429,6471,15.3,3849,3876,9.1,2501,2515,5.9,54,55,0.1,8,8,0.0,13,13,0.0,4,4,0.0,4,4,0.0,6591,6654,15.6,32342,33028,76.8
STATES:,14,Maharashtra,17,17,0.0,211,320,0.3,39,62,0.1,23,69,0.0,26,34,0.0,73,73,0.1,50,82,0.1,8,8,0.0,81,83,0.1,40,42,0.1,41,41,0.1,8519,8640,14.0,4594,4666,7.6,3810,3859,6.3,76,76,0.1,9,9,0.0,16,16,0.0,14,14,0.0,0,0,0.0,8836,9068,14.5,47101,48343,77.5
STATES:,15,Manipur,0,0,0.0,0,0,0.0,0,0,0.0,0,0,0.0,0,0,0.0,0,0,0.0,0,0,0.0,0,0,0.0,0,0,0.0,0,0,0.0,0,0,0.0,55,57,3.4,43,45,2.7,9,9,0.6,2,2,0.1,0,0,0.0,1,1,0.1,0,0,0.0,0,0,0.0,55,57,3.4,201,205,12.5
STATES:,16,Meghalaya,2,2,0.1,1,1,0.1,0,0,0.0,0,0,0.0,1,1,0.1,0,0,0.0,0,0,0.0,0,0,0.0,10,15,0.6,9,14,0.5,1,1,0.1,397,409,23.7,322,331,19.2,53,56,3.2,7,7,0.4,8,8,0.5,7,7,0.4,0,0,0.0,0,0,0.0,410,427,24.5,628,671,37.5
STATES:,17,Mizoram,0,0,0.0,0,0,0.0,0,0,0.0,0,0,0.0,0,0,0.0,0,0,0.0,0,0,0.0,0,0,0.0,0,0,0.0,0,0,0.0,0,0,0.0,113,115,18.4,72,73,11.7,38,38,6.2,0,0,0.0,3,4,0.5,0,0,0.0,0,0,0.0,0,0,0.0,113,115,18.4,184,186,29.9
STATES:,18,Nagaland,0,0,0.0,1,2,0.1,0,0,0.0,0,0,0.0,0,0,0.0,0,0,0.0,1,2,0.1,2,2,0.2,1,1,0.1,1,1,0.1,0,0,0.0,15,15,1.4,6,6,0.6,9,9,0.8,0,0,0.0,0,0,0.0,0,0,0.0,0,0,0.0,0,0,0.0,19,20,1.8,56,57,5.2
STATES:,19,Odisha,5,5,0.0,15,18,0.1,3,3,0.0,0,0,0.0,0,0,0.0,7,10,0.0,5,5,0.0,0,0,0.0,761,761,3.3,358,358,1.6,403,403,1.7,2368,2378,10.3,1631,1631,7.1,701,711,3.0,1,1,0.0,30,30,0.1,5,5,0.0,0,0,0.0,8,9,0.0,3157,3171,13.7,25914,25958,112.4
STATES:,20,Punjab,4,4,0.0,39,58,0.3,2,2,0.0,0,0,0.0,4,22,0.0,2,2,0.0,31,32,0.2,0,0,0.0,37,37,0.3,27,27,0.2,10,10,0.1,782,808,5.3,616,640,4.2,152,153,1.0,2,3,0.0,11,11,0.1,1,1,0.0,0,0,0.0,0,0,0.0,862,907,5.9,5258,5347,35.9
STATES:,21,Rajasthan,1,1,0.0,16,17,0.0,6,7,0.0,0,0,0.0,3,3,0.0,0,0,0.0,7,7,0.0,1,1,0.0,225,225,0.6,212,212,0.5,13,13,0.0,3556,3563,9.0,1865,1866,4.7,1372,1377,3.5,67,68,0.2,68,68,0.2,183,183,0.5,1,1,0.0,6,6,0.0,3805,3813,9.6,45450,45827,114.8
STATES:,22,Sikkim,0,0,0.0,0,0,0.0,0,0,0.0,0,0,0.0,0,0,0.0,0,0,0.0,0,0,0.0,0,0,0.0,4,4,1.2,4,4,1.2,0,0,0.0,86,91,26.3,65,66,19.9,18,22,5.5,3,3,0.9,0,0,0.0,0,0,0.0,0,0,0.0,0,0,0.0,90,95,27.5,134,146,41.0
STATES:,23,Tamil Nadu,144,144,0.4,619,904,1.6,147,189,0.4,81,114,0.2,38,71,0.1,32,33,0.1,321,497,0.8,4,4,0.0,91,91,0.2,76,76,0.2,15,15,0.0,4505,4634,11.7,3347,3391,8.7,857,935,2.2,289,296,0.7,9,9,0.0,3,3,0.0,0,0,0.0,1,1,0.0,5364,5778,13.9,8943,9463,23.2
STATES:,24,Telangana,4,4,0.0,57,67,0.3,15,22,0.1,0,0,0.0,0,0,0.0,1,2,0.0,41,43,0.2,0,0,0.0,120,124,0.6,78,80,0.4,42,44,0.2,3128,3143,16.5,1758,1758,9.3,1232,1244,6.5,98,101,0.5,28,28,0.1,12,12,0.1,0,0,0.0,0,0,0.0,3309,3338,17.5,23678,24374,124.9
STATES:,25,Tripura,0,0,0.0,0,0,0.0,0,0,0.0,0,0,0.0,0,0,0.0,0,0,0.0,0,0,0.0,1,1,0.0,13,13,0.6,13,13,0.6,0,0,0.0,132,137,6.5,82,85,4.0,41,43,2.0,8,8,0.4,1,1,0.0,0,0,0.0,0,0,0.0,0,0,0.0,146,151,7.1,791,817,38.7
STATES:,26,Uttar Pradesh,7151,7570,6.3,53,57,0.0,7,7,0.0,8,9,0.0,9,12,0.0,1,1,0.0,28,28,0.0,3,3,0.0,485,495,0.4,389,399,0.3,96,96,0.1,8574,8834,7.6,3645,3772,3.2,4728,4860,4.2,129,129,0.1,7,7,0.0,55,55,0.0,10,11,0.0,4,4,0.0,16270,16963,14.4,66381,68374,58.6
STATES:,27,Uttarakhand,14,14,0.2,26,33,0.5,6,13,0.1,6,6,0.1,0,0,0.0,0,0,0.0,14,14,0.2,0,0,0.0,77,77,1.4,51,51,0.9,26,26,0.5,808,815,14.2,635,635,11.2,121,128,2.1,27,27,0.5,9,9,0.2,13,13,0.2,3,3,0.1,0,0,0.0,925,939,16.3,3808,3918,66.9
STATES:,28,West Bengal,0,0,0.0,32,56,0.1,0,0,0.0,0,0,0.0,0,0,0.0,0,0,0.0,32,56,0.1,0,0,0.0,9,9,0.0,6,6,0.0,3,3,0.0,2721,2724,5.6,1798,1799,3.7,644,645,1.3,244,245,0.5,29,29,0.1,6,6,0.0,0,0,0.0,1,1,0.0,2763,2790,5.7,34691,35898,71.3
STATES:,,TOTAL STATE(S),15444,16021,2.3,1710,2557,0.3,402,603,0.1,252,463,0.0,205,327,0.0,123,137,0.0,728,1027,0.1,628,633,0.1,3551,3659,0.5,2654,2760,0.4,897,899,0.1,64025,64872,9.7,38595,38968,5.9,21490,21896,3.3,2717,2773,0.4,675,680,0.1,510,516,0.1,38,39,0.0,30,31,0.0,85388,87773,13.0,430164,441269,65.3
UNION TERRITORIES:,29,A&N Islands,0,0,0.0,0,0,0.0,0,0,0.0,0,0,0.0,0,0,0.0,0,0,0.0,0,0,0.0,0,0,0.0,29,29,15.2,27,27,14.1,2,2,1.0,95,96,49.7,75,76,39.3,16,16,8.4,4,4,2.1,0,0,0.0,0,0,0.0,0,0,0.0,0,0,0.0,124,125,64.9,205,206,107.3
UNION TERRITORIES:,30,Chandigarh,0,0,0.0,0,0,0.0,0,0,0.0,0,0,0.0,0,0,0.0,0,0,0.0,0,0,0.0,0,0,0.0,5,6,0.9,5,6,0.9,0,0,0.0,0,0,0.0,0,0,0.0,0,0,0.0,0,0,0.0,0,0,0.0,0,0,0.0,0,0,0.0,0,0,0.0,5,6,0.9,371,382,65.2
UNION TERRITORIES:,31,D&N Haveli and Daman & Diu,0,0,0.0,8,8,1.8,0,0,0.0,0,0,0.0,8,8,1.8,0,0,0.0,0,0,0.0,0,0,0.0,3,3,0.7,3,3,0.7,0,0,0.0,53,53,12.1,50,50,11.4,1,1,0.2,2,2,0.5,0,0,0.0,0,0,0.0,0,0,0.0,0,0,0.0,64,64,14.6,124,124,28.4
UNION TERRITORIES:,32,Delhi,16,16,0.2,59,68,0.6,1,1,0.0,1,1,0.0,0,0,0.0,1,5,0.0,56,61,0.6,4,4,0.0,36,36,0.4,28,28,0.3,8,8,0.1,1636,1639,16.3,1052,1054,10.5,536,536,5.3,32,33,0.3,4,4,0.0,2,2,0.0,10,10,0.1,0,0,0.0,1751,1763,17.4,13439,13694,133.6
UNION TERRITORIES:,33,Jammu & Kashmir,15,15,0.2,8,10,0.1,0,0,0.0,0,0,0.0,0,0,0.0,0,0,0.0,8,10,0.1,0,0,0.0,43,43,0.7,39,39,0.6,4,4,0.1,320,322,4.9,214,215,3.3,76,77,1.2,13,13,0.2,17,17,0.3,0,0,0.0,0,0,0.0,0,0,0.0,386,390,5.9,3653,3708,56.2
UNION TERRITORIES:,34,Ladakh,0,0,0.0,0,0,0.0,0,0,0.0,0,0,0.0,0,0,0.0,0,0,0.0,0,0,0.0,0,0,0.0,0,0,0.0,0,0,0.0,0,0,0.0,3,3,2.3,3,3,2.3,0,0,0.0,0,0,0.0,0,0,0.0,0,0,0.0,0,0,0.0,0,0,0.0,3,3,2.3,20,21,15.2
UNION TERRITORIES:,35,Lakshadweep,0,0,0.0,0,0,0.0,0,0,0.0,0,0,0.0,0,0,0.0,0,0,0.0,0,0,0.0,0,0,0.0,1,1,3.0,1,1,3.0,0,0,0.0,9,9,27.3,1,1,3.0,5,5,15.2,0,0,0.0,2,2,6.1,1,1,3.0,0,0,0.0,1,1,3.0,11,11,33.3,23,23,69.7
UNION TERRITORIES:,36,Puducherry,14,14,1.6,3,5,0.3,0,0,0.0,0,0,0.0,0,0,0.0,0,0,0.0,3,5,0.3,0,0,0.0,10,10,1.1,10,10,1.1,0,0,0.0,91,92,10.5,56,56,6.4,25,26,2.9,10,10,1.1,0,0,0.0,0,0,0.0,0,0,0.0,0,0,0.0,118,121,13.6,212,230,24.4
UNION TERRITORIES:,,TOTAL UT(S),45,45,0.2,78,91,0.4,1,1,0.0,1,1,0.0,8,8,0.0,1,5,0.0,67,76,0.4,4,4,0.0,127,128,0.7,113,114,0.6,14,14,0.1,2207,2214,11.7,1451,1455,7.7,659,661,3.5,61,62,0.3,23,23,0.1,3,3,0.0,10,10,0.1,1,1,0.0,2462,2483,13.1,18047,18388,96.1
UNION TERRITORIES:,,TOTAL ALL INDIA,15489,16066,2.3,1788,2648,0.3,403,604,0.1,253,464,0.0,213,335,0.0,124,142,0.0,795,1103,0.1,632,637,0.1,3678,3787,0.5,2767,2874,0.4,911,913,0.1,66232,67086,9.8,40046,40423,5.9,22149,22557,3.3,2778,2835,0.4,698,703,0.1,513,519,0.1,48,49,0.0,31,32,0.0,87850,90256,13.0,448211,459657,66.2
