section,sl_no,State/UT,2021,2022,2023,Mid-Year Projected Population (in Lakhs) (2023),Rate of Total Crime against Women (2023),Chargesheeting Rate
STATES:,1,Andhra Pradesh,17752,25503,22418,266.1,84.2,95.2
STATES:,2,Arunachal Pradesh,366,335,326,7.6,42.8,71.4
STATES:,3,Assam,29046,14148,12070,176.0,68.6,65.2
STATES:,4,Bihar,17950,20222,22952,611.9,37.5,75.5
STATES:,5,Chhattisgarh,7344,8693,8035,151.0,53.2,76.5
STATES:,6,Goa,224,273,286,7.8,36.5,74.2
STATES:,7,Gujarat,7348,7731,7805,341.1,22.9,89.0
STATES:,8,Haryana,16658,16743,15758,142.9,110.3,56.0
STATES:,9,Himachal Pradesh,1599,1551,1604,36.9,43.5,72.9
STATES:,10,Jharkhand,8110,7678,6989,193.6,36.1,78.9
STATES:,11,Karnataka,14468,17813,20336,334.2,60.9,81.2
STATES:,12,Kerala,13539,15213,16025,186.2,86.1,93.7
STATES:,13,Madhya Pradesh,30673,32765,32342,421.2,76.8,81.2
STATES:,14,Maharashtra,39526,45331,47101,608.0,77.5,80.8
STATES:,15,Manipur,302,248,201,16.1,12.5,69.6
STATES:,16,Meghalaya,685,690,628,16.8,37.5,75.0
STATES:,17,Mizoram,176,147,184,6.2,29.9,97.8
STATES:,18,Nagaland,54,49,56,10.8,5.2,76.5
STATES:,19,Odisha,31352,23648,25914,230.5,112.4,73.4
STATES:,20,Punjab,5662,5572,5258,146.3,35.9,73.6
STATES:,21,Rajasthan,40738,45058,45450,396.0,114.8,53.6
STATES:,22,Sikkim,130,179,134,3.3,41.0,76.6
STATES:,23,Tamil Nadu,8501,9207,8943,385.4,23.2,91.0
STATES:,24,Telangana,20865,22066,23678,189.6,124.9,88.1
STATES:,25,Tripura,807,752,791,20.4,38.7,89.6
STATES:,26,Uttar Pradesh,56083,65743,66381,1133.5,58.6,77.1
STATES:,27,Uttarakhand,3431,4337,3808,56.9,66.9,71.3
STATES:,28,West Bengal,35884,34738,34691,486.4,71.3,93.8
STATES:,,TOTAL STATE(S),409273,426433,430164,6582.6,65.3,77.9
UNION TERRITORIES:,29,A&N Islands,169,178,205,1.9,107.3,92.4
UNION TERRITORIES:,30,Chandigarh,343,325,371,5.7,65.2,63.5
UNION TERRITORIES:,31,D&N Haveli and Daman & Diu,99,126,124,4.4,28.4,70.8
UNION TERRITORIES:,32,Delhi,14277,14247,13439,100.6,133.6,69.9
UNION TERRITORIES:,33,Jammu & Kashmir,3937,3716,3653,65.0,56.2,70.1
UNION TERRITORIES:,34,Ladakh,18,15,20,1.3,15.2,78.6
UNION TERRITORIES:,35,Lakshadweep,9,16,23,0.3,69.7,81.0
UNION TERRITORIES:,36,Puducherry,153,200,212,8.7,24.4,93.2
UNION TERRITORIES:,,TOTAL UT(S),19005,18823,18047,187.9,96.1,70.3
UNION TERRITORIES:,,TOTAL ALL INDIA,428278,445256,448211,6770.4,66.2,77.6
