section,sl_no,name,col_2,col_3,col_4,col_5,col_6,col_7,col_8,col_9,col_10,col_11,col_12
,,CHANGLANG,0,0,0,0,0,0,0,0,0,0,0
,,DIBANG VALLEY,0,0,0,0,0,0,0,0,0,0,0
,,K/KUMEY,0,0,0,0,0,0,0,0,0,0,0
,,KAMENG EAST,0,0,0,0,0,0,0,0,0,0,0
,,KAMENG WEST,0,0,0,0,0,0,0,0,0,0,0
,,LOHIT,0,0,0,0,0,0,0,0,0,0,0
,,PAPUM PARE,1,0,0,0,1,0,0,0,0,0,2
,,SIANG EAST,0,0,0,0,0,0,0,0,0,0,0
,,SIANG UPPER,0,0,0,0,0,0,0,0,0,0,0
,,SIANG WEST,0,0,0,0,0,0,0,0,0,0,0
,,SUBANSIRI LOWER,0,0,0,0,0,0,0,0,0,0,0
,,SUBANSIRI UPPER,0,0,0,0,0,0,0,0,0,0,0
,,TAWANG,0,0,0,0,0,0,0,0,0,0,0
,,TIRAP,0,0,0,0,0,0,0,0,0,0,0
,,UPPER DIBANG VALLEY,0,0,0,0,0,0,0,0,0,0,0
,,TOTAL,1,0,0,0,1,0,0,0,0,0,2
Note: Kid..=Kidnapping Abduction / POA Act = SC/ST (prevention of atrocities) Act / PCR Act = Protection of Civil Rights Act,,"Friday, October 21, 2016 Page of",,,,,,,,,,,162 534
