section,sl_no,State/UT,2017,2018,2019,Percentage Share of State/UT (2019),Mid-Year Projected Population (in Lakhs),Rate of Total Cognizable Crime (IPC) (2019)+
STATES:,1,Andhra Pradesh,132336,126635,119229,3.7,523.2,227.9
STATES:,2,Arunachal Pradesh,2565,2613,2590,0.1,15.1,171.9
STATES:,3,Assam,104324,112233,123512,3.8,344.2,358.9
STATES:,4,Bihar,180573,196911,197935,6.1,1201.1,164.8
STATES:,5,Chhattisgarh,58481,60178,61256,1.9,288.5,212.3
STATES:,6,Goa,2965,2740,2465,0.1,15.4,159.8
STATES:,7,Gujarat,128775,147574,139503,4.3,682.5,204.4
STATES:,8,Haryana,97924,108212,111323,3.5,288.1,386.4
STATES:,9,Himachal Pradesh,13007,14604,14480,0.4,73.2,197.9
STATES:,10,Jammu & Kashmir,22667,24216,22404,0.7,135.3,165.6
STATES:,11,Jharkhand,44595,45287,50048,1.6,375.8,133.2
STATES:,12,Karnataka,146354,126534,120165,3.7,659.7,182.1
STATES:,13,Kerala,235846,186958,175810,5.5,351.9,499.7
STATES:,14,Madhya Pradesh,269512,248354,246470,7.6,826.1,298.3
STATES:,15,Maharashtra,288879,346291,341084,10.6,1225.3,278.4
STATES:,16,Manipur,3416,2869,2830,0.1,31.1,91.0
STATES:,17,Meghalaya,3521,2921,3125,0.1,32.3,96.7
STATES:,18,Mizoram,2118,1774,2379,0.1,12.0,199.1
STATES:,19,Nagaland,1068,1223,1117,0.0,21.6,51.8
STATES:,20,Odisha,83583,83769,96033,3.0,437.3,219.6
STATES:,21,Punjab,39288,41640,44697,1.4,299.4,149.3
STATES:,22,Rajasthan,169941,171889,225306,7.0,776.0,290.3
STATES:,23,Sikkim,719,620,632,0.0,6.7,95.0
STATES:,24,Tamil Nadu,178836,185912,168116,5.2,758.1,221.8
STATES:,25,Telangana,119858,113951,118338,3.7,372.8,317.4
STATES:,26,Tripura,3918,5325,5336,0.2,40.0,133.3
STATES:,27,Uttar Pradesh,310084,342355,353131,10.9,2259.7,156.3
STATES:,28,Uttarakhand,12889,14739,12081,0.4,111.8,108.0
STATES:,29,West Bengal,163999,157610,157610,4.9,971.1,162.3
STATES:,,TOTAL STATE(S),2822041,2875937,2919005,90.5,13135.2,222.2
UNION TERRITORIES:,30,A&N Islands,638,706,564,0.0,4.0,141.7
UNION TERRITORIES:,31,Chandigarh,3240,3072,2819,0.1,11.8,238.1
UNION TERRITORIES:,32,D&N Haveli,266,255,226,0.0,5.6,40.6
UNION TERRITORIES:,33,Daman & Diu,367,319,322,0.0,4.2,76.1
UNION TERRITORIES:,34,Delhi,232066,249012,299475,9.3,199.4,1501.9
UNION TERRITORIES:,35,Lakshadweep,78,48,123,0.0,0.7,180.9
UNION TERRITORIES:,36,Puducherry,3883,3606,3167,0.1,15.2,209.0
UNION TERRITORIES:,,TOTAL UT(S),240538,257018,306696,9.5,240.8,1273.4
UNION TERRITORIES:,,TOTAL ALL INDIA,3062579,3132955,3225701,100.0,13376.1,241.2
