section,sl_no,State/UT,Murder with Rape/Gang Rape | I,Murder with Rape/Gang Rape | V,Murder with Rape/Gang Rape | R,Dowry Deaths (Sec. 304B IPC) | I,Dowry Deaths (Sec. 304B IPC) | V,Dowry Deaths (Sec. 304B IPC) | R,Abetment to Suicide of Women (Sec. 305/306 IPC) | I,Abetment to Suicide of Women (Sec. 305/306 IPC) | V,Abetment to Suicide of Women (Sec. 305/306 IPC) | R,Miscarriage (Sec. Acid Attack (Sec. | 313 & 314 IPC) | I,Miscarriage (Sec. Acid Attack (Sec. | 313 & 314 IPC) | V,Miscarriage (Sec. Acid Attack (Sec. | 313 & 314 IPC) | R,Miscarriage (Sec. Acid Attack (Sec. | 326A IPC) | I,Miscarriage (Sec. Acid Attack (Sec. | 326A IPC) | V,Miscarriage (Sec. Acid Attack (Sec. | 326A IPC) | R,Attempt to Acid Attack (Sec. 326B IPC) | I,Attempt to Acid Attack (Sec. 326B IPC) | V,Attempt to Acid Attack (Sec. 326B IPC) | R,Cruelty by Husband or his relatives (Sec. 498 A IPC) | I,Cruelty by Husband or his relatives (Sec. 498 A IPC) | V,Cruelty by Husband or his relatives (Sec. 498 A IPC) | R,Kidnapping & Abduction of Women | Kidnapping & Abduction of Women (Total) | I,Kidnapping & Abduction of Women | Kidnapping & Abduction of Women (Total) | V,Kidnapping & Abduction of Women | Kidnapping & Abduction of Women (Total) | R,Kidnapping & Abduction of Women | Kidnapping & Abduction (Sec. 336 IPC) | I,Kidnapping & Abduction of Women | Kidnapping & Abduction (Sec. 336 IPC) | V,Kidnapping & Abduction of Women | Kidnapping & Abduction (Sec. 336 IPC) | R,Kidnapping & Abduction of Women | Kidnapping & Abduction in order to Murder (Sec. 364 IPC) | I,Kidnapping & Abduction of Women | Kidnapping & Abduction in order to Murder (Sec. 364 IPC) | V,Kidnapping & Abduction of Women | Kidnapping & Abduction in order to Murder (Sec. 364 IPC) | R,Kidnapping & Abduction of Women | Kidnapping for Ransom (Sec. 364A IPC) | I,Kidnapping & Abduction of Women | Kidnapping for Ransom (Sec. 364A IPC) | V,Kidnapping & Abduction of Women | Kidnapping for Ransom (Sec. 364A IPC) | R,Kidnapping & Abduction of Women | Kidnapping & Abduction of Women to compel her for marriage (Sec. 366 IPC) | K&A of Women to compel her for marriage (Total) | I,Kidnapping & Abduction of Women | Kidnapping & Abduction of Women to compel her for marriage (Sec. 366 IPC) | K&A of Women to compel her for marriage (Total) | V,Kidnapping & Abduction of Women | Kidnapping & Abduction of Women to compel her for marriage (Sec. 366 IPC) | K&A of Women to compel her for marriage (Total) | R,Kidnapping & Abduction of Women | Kidnapping & Abduction of Women to compel her for marriage (Sec. 366 IPC) | a) Women (Above 18 yrs) | I,Kidnapping & Abduction of Women | Kidnapping & Abduction of Women to compel her for marriage (Sec. 366 IPC) | a) Women (Above 18 yrs) | V,Kidnapping & Abduction of Women | Kidnapping & Abduction of Women to compel her for marriage (Sec. 366 IPC) | a) Women (Above 18 yrs) | R,Kidnapping & Abduction of Women | for marriage (Sec. 366 IPC) Procuration of Minor Girls | Kidnapping & Abduction of Women to compel her b) Girls (Below 18 yrs) | I,Kidnapping & Abduction of Women | for marriage (Sec. 366 IPC) Procuration of Minor Girls | Kidnapping & Abduction of Women to compel her b) Girls (Below 18 yrs) | V,Kidnapping & Abduction of Women | for marriage (Sec. 366 IPC) Procuration of Minor Girls | Kidnapping & Abduction of Women to compel her b) Girls (Below 18 yrs) | R,Kidnapping & Abduction of Women | for marriage (Sec. 366 IPC) Procuration of Minor Girls | (Sec. 366A IPC) | I,Kidnapping & Abduction of Women | for marriage (Sec. 366 IPC) Procuration of Minor Girls | (Sec. 366A IPC) | V,Kidnapping & Abduction of Women | for marriage (Sec. 366 IPC) Procuration of Minor Girls | (Sec. 366A IPC) | R,Kidnapping & Abduction of Women | Importation of Girls from Foreign Country (Sec. 366B IPC) | I,Kidnapping & Abduction of Women | Importation of Girls from Foreign Country (Sec. 366B IPC) | V,Kidnapping & Abduction of Women | Importation of Girls from Foreign Country (Sec. 366B IPC) | R,"Kidnapping & Abduction of Women Kidnapping and Abduction of Women – Others (Secs.363A, 365, 367, 368, 369 IPC) | I","Kidnapping & Abduction of Women Kidnapping and Abduction of Women – Others (Secs.363A, 365, 367, 368, 369 IPC) | V","Kidnapping & Abduction of Women Kidnapping and Abduction of Women – Others (Secs.363A, 365, 367, 368, 369 IPC) | R",Human Trafficking (Sec. 370 & 370A IPC) | I,Human Trafficking (Sec. 370 & 370A IPC) | V,Human Trafficking (Sec. 370 & 370A IPC) | R,Selling of Minor Girls (Sec. 372 IPC) | I,Selling of Minor Girls (Sec. 372 IPC) | V,Selling of Minor Girls (Sec. 372 IPC) | R,Buying of Minor Girls (Sec. 373 IPC) | I,Buying of Minor Girls (Sec. 373 IPC) | V,Buying of Minor Girls (Sec. 373 IPC) | R,Rape (Sec. 376 IPC) | Rape (Total) | I,Rape (Sec. 376 IPC) | Rape (Total) | V,Rape (Sec. 376 IPC) | Rape (Total) | R,Rape (Sec. 376 IPC) | A) Women (18 Yrs. And above) | I,Rape (Sec. 376 IPC) | A) Women (18 Yrs. And above) | V,Rape (Sec. 376 IPC) | A) Women (18 Yrs. And above) | R,Rape (Sec. 376 IPC) | B) Girls (Below 18 yrs) | I,Rape (Sec. 376 IPC) | B) Girls (Below 18 yrs) | V,Rape (Sec. 376 IPC) | B) Girls (Below 18 yrs) | R,Attempt to Commit Rape (Sec. 376/511 IPC) | Attempt to Commit Rape (Total) | I,Attempt to Commit Rape (Sec. 376/511 IPC) | Attempt to Commit Rape (Total) | V,Attempt to Commit Rape (Sec. 376/511 IPC) | Attempt to Commit Rape (Total) | R,Attempt to Commit Rape (Sec. 376/511 IPC) | A) Women (18 Yrs. And above) | I,Attempt to Commit Rape (Sec. 376/511 IPC) | A) Women (18 Yrs. And above) | V,Attempt to Commit Rape (Sec. 376/511 IPC) | A) Women (18 Yrs. And above) | R,Attempt to Commit Rape (Sec. 376/511 IPC) | B) Girls (Below 18 yrs) | I,Attempt to Commit Rape (Sec. 376/511 IPC) | B) Girls (Below 18 yrs) | V,Attempt to Commit Rape (Sec. 376/511 IPC) | B) Girls (Below 18 yrs) | R,Assault on Women with Intent to Outrage her Modesty (Sec. 354 IPC) | Assault on Women with Intent to Outrage her Modesty (Total) | I,Assault on Women with Intent to Outrage her Modesty (Sec. 354 IPC) | Assault on Women with Intent to Outrage her Modesty (Total) | V,Assault on Women with Intent to Outrage her Modesty (Sec. 354 IPC) | Assault on Women with Intent to Outrage her Modesty (Total) | R,Assault on Women with Intent to Outrage her Modesty (Sec. 354 IPC) | A) Women (18 Yrs. And above) | I,Assault on Women with Intent to Outrage her Modesty (Sec. 354 IPC) | A) Women (18 Yrs. And above) | V,Assault on Women with Intent to Outrage her Modesty (Sec. 354 IPC) | A) Women (18 Yrs. And above) | R,Assault on Women with Intent to Outrage her Modesty (Sec. 354 IPC) | B) Girls (Below 18 yrs) | I,Assault on Women with Intent to Outrage her Modesty (Sec. 354 IPC) | B) Girls (Below 18 yrs) | V,Assault on Women with Intent to Outrage her Modesty (Sec. 354 IPC) | B) Girls (Below 18 yrs) | R,Insult to the Modesty of Women (Sec. 509 IPC) | Insult to the Modesty of Women (Total) | I,Insult to the Modesty of Women (Sec. 509 IPC) | Insult to the Modesty of Women (Total) | V,Insult to the Modesty of Women (Sec. 509 IPC) | Insult to the Modesty of Women (Total) | R,Insult to the Modesty of Women (Sec. 509 IPC) | A) Women (18 Yrs. And above) | I,Insult to the Modesty of Women (Sec. 509 IPC) | A) Women (18 Yrs. And above) | V,Insult to the Modesty of Women (Sec. 509 IPC) | A) Women (18 Yrs. And above) | R,Insult to the Modesty of Women (Sec. 509 IPC) | B) Girls (Below 18 yrs) | I,Insult to the Modesty of Women (Sec. 509 IPC) | B) Girls (Below 18 yrs) | V,Insult to the Modesty of Women (Sec. 509 IPC) | B) Girls (Below 18 yrs) | R,Total IPC Crimes against Women | I,Total IPC Crimes against Women | V,Total IPC Crimes against Women | R
STATES:,1,Andhra Pradesh,6,6,0.0,112,112,0.4,407,423,1.6,13,13,0.0,3,3,0.0,3,4,0.0,7851,7952,30.0,589,595,2.3,381,386,1.5,7,7,0.0,6,6,0.0,105,105,0.4,40,40,0.2,65,65,0.2,48,48,0.2,1,1,0.0,41,42,0.2,69,82,0.3,0,0,0.0,0,0,0.0,1086,1104,4.2,542,543,2.1,544,561,2.1,177,178,0.7,132,132,0.5,45,46,0.2,4444,4499,17.0,4132,4187,15.8,312,312,1.2,1892,1900,7.2,1854,1862,7.1,38,38,0.1,16652,16871,63.7
STATES:,2,Arunachal Pradesh,1,1,0.1,1,1,0.1,3,3,0.4,0,0,0.0,0,0,0.0,0,0,0.0,54,54,7.4,68,74,9.3,47,50,6.4,0,0,0.0,0,0,0.0,11,11,1.5,9,9,1.2,2,2,0.3,6,9,0.8,0,0,0.0,4,4,0.5,1,3,0.1,0,0,0.0,0,0,0.0,63,64,8.6,39,39,5.3,24,25,3.3,2,2,0.3,1,1,0.1,1,1,0.1,80,85,10.9,75,80,10.2,5,5,0.7,6,6,0.8,6,6,0.8,0,0,0.0,279,293,38.1
STATES:,3,Assam,26,27,0.2,156,164,0.9,53,53,0.3,23,23,0.1,6,6,0.0,3,3,0.0,11943,11946,70.7,6989,7220,41.4,853,885,5.1,24,24,0.1,29,30,0.2,3831,3970,22.7,3365,3387,19.9,466,583,2.8,1415,1474,8.4,0,0,0.0,837,837,5.0,153,173,0.9,2,2,0.0,0,0,0.0,1773,1791,10.5,1685,1703,10.0,88,88,0.5,400,448,2.4,400,448,2.4,0,0,0.0,4619,4645,27.4,4565,4591,27.0,54,54,0.3,385,385,2.3,385,385,2.3,0,0,0.0,26531,26886,157.1
STATES:,4,Bihar,4,4,0.0,1120,1127,1.9,8,8,0.0,0,0,0.0,7,7,0.0,0,0,0.0,2397,2641,4.2,9025,9036,15.7,867,877,1.5,6,6,0.0,0,0,0.0,7114,7115,12.3,2632,2632,4.6,4482,4483,7.8,1,1,0.0,0,0,0.0,1037,1037,1.8,1,1,0.0,0,0,0.0,0,0,0.0,730,740,1.3,729,739,1.3,1,1,0.0,110,112,0.2,108,110,0.2,2,2,0.0,312,316,0.5,307,311,0.5,5,5,0.0,11,13,0.0,11,13,0.0,0,0,0.0,13725,14005,23.8
STATES:,5,Chhattisgarh,3,3,0.0,76,76,0.5,159,161,1.1,5,6,0.0,0,0,0.0,0,0,0.0,732,732,5.1,2033,2049,14.1,1536,1551,10.7,0,0,0.0,0,0,0.0,425,425,3.0,5,5,0.0,420,420,2.9,2,2,0.0,0,0,0.0,70,71,0.5,25,82,0.2,0,0,0.0,0,0,0.0,1036,1038,7.2,1033,1035,7.2,3,3,0.0,9,9,0.1,8,8,0.1,1,1,0.0,1316,1320,9.2,1310,1314,9.1,6,6,0.0,232,233,1.6,229,230,1.6,3,3,0.0,5626,5709,39.1
STATES:,6,Goa,0,0,0.0,1,1,0.1,3,3,0.4,0,0,0.0,0,0,0.0,1,1,0.1,9,9,1.2,52,52,6.8,35,35,4.6,0,0,0.0,0,0,0.0,1,1,0.1,0,0,0.0,1,1,0.1,0,0,0.0,0,0,0.0,16,16,2.1,34,84,4.5,0,0,0.0,0,0,0.0,72,74,9.4,23,24,3.0,49,50,6.4,0,0,0.0,0,0,0.0,0,0,0.0,119,125,15.6,104,108,13.6,15,17,2.0,37,37,4.8,35,35,4.6,2,2,0.3,328,386,42.9
STATES:,7,Gujarat,7,7,0.0,9,9,0.0,344,344,1.1,1,1,0.0,5,5,0.0,2,2,0.0,3619,3629,11.1,922,933,2.8,274,279,0.8,1,1,0.0,3,3,0.0,621,624,1.9,66,66,0.2,555,558,1.7,0,0,0.0,0,0,0.0,23,26,0.1,8,16,0.0,0,0,0.0,0,0,0.0,528,529,1.6,528,529,1.6,0,0,0.0,1,1,0.0,0,0,0.0,1,1,0.0,1048,1055,3.2,1039,1046,3.2,9,9,0.0,16,16,0.0,15,15,0.0,1,1,0.0,6510,6547,20.0
STATES:,8,Haryana,6,6,0.0,248,248,1.8,225,226,1.7,17,17,0.1,4,4,0.0,1,1,0.0,4867,4875,36.0,2803,2863,20.7,33,33,0.2,1,1,0.0,1,1,0.0,1215,1245,9.0,1037,1067,7.7,178,178,1.3,808,813,6.0,0,0,0.0,745,770,5.5,8,13,0.1,0,0,0.0,0,0,0.0,1480,1480,10.9,1472,1472,10.9,8,8,0.1,194,194,1.4,194,194,1.4,0,0,0.0,2581,2585,19.1,2517,2521,18.6,64,64,0.5,173,174,1.3,173,174,1.3,0,0,0.0,12607,12686,93.2
STATES:,9,Himachal Pradesh,13,13,0.4,4,4,0.1,61,61,1.7,0,0,0.0,1,1,0.0,0,0,0.0,228,228,6.3,337,346,9.3,143,148,4.0,1,1,0.0,1,1,0.0,182,186,5.0,30,32,0.8,152,154,4.2,3,3,0.1,0,0,0.0,7,7,0.2,0,0,0.0,0,0,0.0,0,0,0.0,359,361,10.0,162,163,4.5,197,198,5.5,5,5,0.1,0,0,0.0,5,5,0.1,498,509,13.8,442,443,12.3,56,66,1.6,72,75,2.0,71,74,2.0,1,1,0.0,1578,1603,43.8
STATES:,10,Jammu & Kashmir,1,1,0.0,8,8,0.1,26,28,0.4,0,0,0.0,0,0,0.0,0,0,0.0,347,348,5.4,893,899,13.9,332,337,5.2,3,3,0.0,0,0,0.0,380,381,5.9,368,369,5.7,12,12,0.2,0,0,0.0,0,0,0.0,178,178,2.8,0,0,0.0,0,0,0.0,0,0,0.0,223,223,3.5,212,212,3.3,11,11,0.2,13,13,0.2,12,12,0.2,1,1,0.0,1440,1444,22.4,1433,1437,22.3,7,7,0.1,15,15,0.2,15,15,0.2,0,0,0.0,2966,2979,46.2
STATES:,11,Jharkhand,4,4,0.0,299,305,1.6,51,53,0.3,1,1,0.0,0,0,0.0,0,0,0.0,1426,1426,7.8,1008,1018,5.5,53,61,0.3,14,14,0.1,13,13,0.1,585,585,3.2,421,421,2.3,164,164,0.9,302,304,1.6,0,0,0.0,41,41,0.2,41,43,0.2,2,2,0.0,6,6,0.0,1416,1426,7.7,1228,1238,6.7,188,188,1.0,234,241,1.3,209,216,1.1,25,25,0.1,1646,1668,9.0,1583,1605,8.6,63,63,0.3,7,7,0.0,6,6,0.0,1,1,0.0,6141,6200,33.5
STATES:,12,Karnataka,23,23,0.1,194,203,0.6,332,343,1.0,2,2,0.0,5,7,0.0,0,0,0.0,2472,2503,7.6,1056,1110,3.2,854,908,2.6,0,0,0.0,5,5,0.0,55,55,0.2,40,40,0.1,15,15,0.0,58,58,0.2,0,0,0.0,84,84,0.3,11,96,0.0,0,0,0.0,0,0,0.0,505,508,1.6,505,508,1.6,0,0,0.0,12,12,0.0,11,11,0.0,1,1,0.0,4937,5186,15.2,4934,5183,15.2,3,3,0.0,107,290,0.3,104,287,0.3,3,3,0.0,9656,10283,29.7
STATES:,13,Kerala,14,14,0.1,8,8,0.0,42,42,0.2,1,1,0.0,2,2,0.0,1,1,0.0,2970,3039,16.2,227,229,1.2,148,149,0.8,0,0,0.0,1,1,0.0,38,39,0.2,8,8,0.0,30,31,0.2,20,20,0.1,0,0,0.0,20,20,0.1,100,108,0.5,0,0,0.0,0,0,0.0,2023,2044,11.1,761,773,4.2,1262,1271,6.9,51,61,0.3,45,55,0.2,6,6,0.0,4507,4738,24.6,3769,3989,20.6,738,749,4.0,435,443,2.4,411,417,2.2,24,26,0.1,10381,10730,56.8
STATES:,14,Madhya Pradesh,37,37,0.1,550,550,1.4,599,607,1.5,27,27,0.1,8,8,0.0,1,1,0.0,5486,5487,13.7,6091,6137,15.2,4404,4442,11.0,3,3,0.0,0,0,0.0,1626,1634,4.1,94,94,0.2,1532,1540,3.8,22,22,0.1,0,0,0.0,36,36,0.1,29,118,0.1,6,10,0.0,1,1,0.0,2485,2490,6.2,2485,2490,6.2,0,0,0.0,39,39,0.1,29,29,0.1,10,10,0.0,5585,5607,14.0,5585,5607,14.0,0,0,0.0,174,175,0.4,174,175,0.4,0,0,0.0,21118,21294,52.8
STATES:,15,Maharashtra,47,47,0.1,196,196,0.3,802,808,1.4,8,8,0.0,6,6,0.0,1,1,0.0,8430,8561,14.3,6906,7008,11.7,5880,5968,10.0,0,0,0.0,5,5,0.0,905,906,1.5,109,110,0.2,796,796,1.4,30,30,0.1,1,1,0.0,85,98,0.1,220,614,0.4,2,2,0.0,0,0,0.0,2299,2305,3.9,2299,2305,3.9,0,0,0.0,4,4,0.0,4,4,0.0,0,0,0.0,10472,10512,17.8,10472,10512,17.8,0,0,0.0,1074,1084,1.8,1074,1084,1.8,0,0,0.0,30467,31156,51.8
STATES:,16,Manipur,0,0,0.0,0,0,0.0,2,2,0.1,0,0,0.0,0,0,0.0,0,0,0.0,15,15,1.0,84,85,5.4,0,0,0.0,0,0,0.0,1,1,0.1,43,44,2.8,30,31,1.9,13,13,0.8,36,36,2.3,0,0,0.0,4,4,0.3,4,52,0.3,0,0,0.0,0,0,0.0,36,36,2.3,26,26,1.7,10,10,0.6,1,1,0.1,0,0,0.0,1,1,0.1,59,60,3.8,56,57,3.6,3,3,0.2,7,7,0.5,7,7,0.5,0,0,0.0,208,258,13.4
STATES:,17,Meghalaya,6,6,0.4,3,3,0.2,0,0,0.0,0,0,0.0,0,0,0.0,0,0,0.0,23,23,1.4,71,142,4.4,27,27,1.7,0,0,0.0,0,0,0.0,9,80,0.6,8,79,0.5,1,1,0.1,22,22,1.4,0,0,0.0,13,13,0.8,1,1,0.1,0,0,0.0,0,0,0.0,102,102,6.3,82,82,5.1,20,20,1.2,16,16,1.0,14,14,0.9,2,2,0.1,96,99,6.0,87,90,5.4,9,9,0.6,18,18,1.1,16,16,1.0,2,2,0.1,336,410,20.9
STATES:,18,Mizoram,0,0,0.0,0,0,0.0,0,0,0.0,0,0,0.0,0,0,0.0,0,0,0.0,5,6,0.8,2,2,0.3,0,0,0.0,1,1,0.2,0,0,0.0,1,1,0.2,1,1,0.2,0,0,0.0,0,0,0.0,0,0,0.0,0,0,0.0,7,51,1.2,0,0,0.0,0,0,0.0,42,43,7.1,19,19,3.2,23,24,3.9,0,0,0.0,0,0,0.0,0,0,0.0,35,35,5.9,33,33,5.6,2,2,0.3,0,0,0.0,0,0,0.0,0,0,0.0,91,137,15.4
STATES:,19,Nagaland,0,0,0.0,0,0,0.0,0,0,0.0,0,0,0.0,0,0,0.0,0,0,0.0,0,0,0.0,13,13,1.2,11,11,1.1,0,0,0.0,0,0,0.0,0,0,0.0,0,0,0.0,0,0,0.0,1,1,0.1,0,0,0.0,1,1,0.1,1,18,0.1,0,0,0.0,0,0,0.0,8,8,0.8,6,6,0.6,2,2,0.2,0,0,0.0,0,0,0.0,0,0,0.0,8,8,0.8,6,6,0.6,2,2,0.2,1,1,0.1,1,1,0.1,0,0,0.0,31,48,3.0
STATES:,20,Odisha,3,3,0.0,342,342,1.5,9,9,0.0,2,2,0.0,3,3,0.0,0,0,0.0,2739,2863,12.2,3934,3934,17.6,3795,3795,16.9,0,0,0.0,0,0,0.0,85,85,0.4,11,11,0.0,74,74,0.3,54,54,0.2,0,0,0.0,0,0,0.0,79,91,0.4,0,0,0.0,0,0,0.0,1382,1383,6.2,1151,1152,5.1,231,231,1.0,151,151,0.7,145,145,0.6,6,6,0.0,11308,11318,50.5,11287,11297,50.4,21,21,0.1,536,537,2.4,534,535,2.4,2,2,0.0,20488,20636,91.5
STATES:,21,Punjab,0,0,0.0,69,70,0.5,176,180,1.2,3,3,0.0,5,5,0.0,4,4,0.0,1595,1614,11.2,1534,1550,10.8,20,24,0.1,0,0,0.0,0,0,0.0,1431,1437,10.1,243,246,1.7,1188,1191,8.4,1,1,0.0,0,0,0.0,82,88,0.6,8,8,0.1,0,0,0.0,0,0,0.0,1002,1008,7.1,576,578,4.1,426,430,3.0,109,110,0.8,51,52,0.4,58,58,0.4,944,945,6.7,811,811,5.7,133,134,0.9,35,36,0.2,31,32,0.2,4,4,0.0,5484,5533,38.6
STATES:,22,Rajasthan,7,8,0.0,452,453,1.2,186,187,0.5,7,7,0.0,2,2,0.0,1,1,0.0,18432,18453,49.0,5907,5915,15.7,2222,2226,5.9,0,0,0.0,1,1,0.0,1601,1601,4.3,1181,1181,3.1,420,420,1.1,13,13,0.0,0,0,0.0,2070,2074,5.5,5,5,0.0,1,1,0.0,0,0,0.0,5997,6051,15.9,4684,4737,12.4,1313,1314,3.5,1019,1030,2.7,958,958,2.5,61,72,0.2,8802,8807,23.4,7732,7737,20.5,1070,1070,2.8,69,69,0.2,59,59,0.2,10,10,0.0,40887,40989,108.6
STATES:,23,Sikkim,0,0,0.0,0,0,0.0,1,1,0.3,0,0,0.0,0,0,0.0,0,0,0.0,1,1,0.3,0,0,0.0,0,0,0.0,0,0,0.0,0,0,0.0,0,0,0.0,0,0,0.0,0,0,0.0,0,0,0.0,0,0,0.0,0,0,0.0,0,0,0.0,0,0,0.0,0,0,0.0,11,11,3.5,11,11,3.5,0,0,0.0,3,3,1.0,2,2,0.6,1,1,0.3,21,24,6.7,19,22,6.1,2,2,0.6,2,2,0.6,2,2,0.6,0,0,0.0,39,42,12.4
STATES:,24,Tamil Nadu,8,8,0.0,28,28,0.1,236,241,0.6,3,3,0.0,4,4,0.0,0,0,0.0,781,781,2.1,699,702,1.8,85,86,0.2,0,0,0.0,4,4,0.0,494,495,1.3,311,312,0.8,183,183,0.5,99,99,0.3,0,0,0.0,17,18,0.0,11,19,0.0,0,0,0.0,0,0,0.0,362,362,1.0,353,353,0.9,9,9,0.0,8,8,0.0,8,8,0.0,0,0,0.0,803,805,2.1,800,802,2.1,3,3,0.0,7,7,0.0,7,7,0.0,0,0,0.0,2950,2968,7.8
STATES:,25,Telangana,20,20,0.1,163,163,0.9,400,400,2.2,4,4,0.0,0,0,0.0,3,3,0.0,8541,8541,46.1,1322,1337,7.1,763,770,4.1,2,2,0.0,4,4,0.0,393,398,2.1,108,108,0.6,285,290,1.5,74,74,0.4,0,0,0.0,86,89,0.5,55,77,0.3,0,0,0.0,0,0,0.0,873,873,4.7,873,873,4.7,0,0,0.0,42,42,0.2,37,37,0.2,5,5,0.0,4190,4207,22.6,4169,4186,22.5,21,21,0.1,695,697,3.8,694,696,3.7,1,1,0.0,16308,16364,88.0
STATES:,26,Tripura,0,0,0.0,38,38,1.9,9,9,0.5,0,0,0.0,1,1,0.1,0,0,0.0,451,452,23.0,138,139,7.0,46,47,2.3,0,0,0.0,1,1,0.1,72,72,3.7,19,19,1.0,53,53,2.7,10,10,0.5,0,0,0.0,9,9,0.5,2,2,0.1,0,0,0.0,0,0,0.0,88,88,4.5,88,88,4.5,0,0,0.0,9,9,0.5,9,9,0.5,0,0,0.0,153,154,7.8,153,154,7.8,0,0,0.0,5,5,0.3,5,5,0.3,0,0,0.0,894,897,45.5
STATES:,27,Uttar Pradesh,34,35,0.0,2410,2424,2.2,359,362,0.3,71,71,0.1,42,44,0.0,2,2,0.0,18304,18617,16.9,11649,11745,10.8,1332,1339,1.2,38,38,0.0,1,1,0.0,10256,10345,9.5,6227,6285,5.8,4029,4060,3.7,0,0,0.0,0,0,0.0,22,22,0.0,14,14,0.0,0,0,0.0,0,0,0.0,3065,3131,2.8,2795,2859,2.6,270,272,0.2,358,358,0.3,268,268,0.2,90,90,0.1,11988,12157,11.1,10455,10597,9.7,1533,1560,1.4,42,42,0.0,34,34,0.0,8,8,0.0,48338,49002,44.7
STATES:,28,Uttarakhand,2,2,0.0,57,57,1.0,22,23,0.4,0,0,0.0,2,2,0.0,0,0,0.0,644,644,11.8,375,382,6.9,101,101,1.9,0,0,0.0,0,0,0.0,124,131,2.3,103,109,1.9,21,22,0.4,0,0,0.0,0,0,0.0,150,150,2.7,2,5,0.0,0,0,0.0,1,1,0.0,526,526,9.6,342,342,6.3,184,184,3.4,21,21,0.4,11,11,0.2,10,10,0.2,475,478,8.7,413,416,7.6,62,62,1.1,10,10,0.2,10,10,0.2,0,0,0.0,2137,2151,39.1
STATES:,29,West Bengal,6,6,0.0,444,444,0.9,445,462,0.9,27,27,0.1,36,38,0.1,9,11,0.0,16951,17150,35.7,4249,4397,8.9,2831,2886,6.0,8,8,0.0,2,3,0.0,617,617,1.3,162,162,0.3,455,455,1.0,92,95,0.2,1,1,0.0,698,787,1.5,52,115,0.1,9,9,0.0,0,0,0.0,1069,1069,2.3,1065,1065,2.2,4,4,0.0,944,958,2.0,944,958,2.0,0,0,0.0,3399,3416,7.2,3383,3400,7.1,16,16,0.0,391,394,0.8,391,394,0.8,0,0,0.0,28031,28496,59.0
STATES:,,TOTAL STATE(S),278,281,0.0,6988,7034,1.1,4960,5039,0.8,215,216,0.0,142,148,0.0,32,35,0.0,121313,122590,19.0,68976,69912,10.8,27073,27421,4.2,109,109,0.0,78,80,0.0,32220,32588,5.0,16628,16824,2.6,15592,15764,2.4,3117,3189,0.5,3,3,0.0,6376,6522,1.0,941,1891,0.1,22,26,0.0,8,8,0.0,30641,30868,4.8,25774,25964,4.0,4867,4904,0.8,3932,4026,0.6,3600,3682,0.6,332,344,0.1,85885,86807,13.4,81671,82542,12.8,4214,4265,0.7,6454,6678,1.0,6354,6576,1.0,100,102,0.0,330787,335559,51.7
UNION TERRITORIES:,30,A&N Islands,0,0,0.0,0,0,0.0,0,0,0.0,0,0,0.0,0,0,0.0,0,0,0.0,1,1,0.5,0,0,0.0,0,0,0.0,0,0,0.0,0,0,0.0,0,0,0.0,0,0,0.0,0,0,0.0,0,0,0.0,0,0,0.0,0,0,0.0,0,0,0.0,0,0,0.0,0,0,0.0,13,13,7.0,5,5,2.7,8,8,4.3,0,0,0.0,0,0,0.0,0,0,0.0,25,27,13.4,24,26,12.8,1,1,0.5,3,3,1.6,3,3,1.6,0,0,0.0,42,44,22.5
UNION TERRITORIES:,31,Chandigarh,0,0,0.0,6,6,1.1,1,1,0.2,0,0,0.0,0,0,0.0,0,0,0.0,177,177,32.7,129,140,23.8,89,100,16.5,0,0,0.0,0,0,0.0,32,32,5.9,10,10,1.8,22,22,4.1,0,0,0.0,0,0,0.0,8,8,1.5,1,1,0.2,0,0,0.0,0,0,0.0,112,112,20.7,47,47,8.7,65,65,12.0,2,2,0.4,0,0,0.0,2,2,0.4,66,66,12.2,53,53,9.8,13,13,2.4,15,15,2.8,15,15,2.8,0,0,0.0,509,520,94.1
UNION TERRITORIES:,32,D&N Haveli,0,0,0.0,3,3,1.3,0,0,0.0,0,0,0.0,0,0,0.0,0,0,0.0,3,3,1.3,1,1,0.4,0,0,0.0,0,0,0.0,0,0,0.0,0,0,0.0,0,0,0.0,0,0,0.0,0,0,0.0,0,0,0.0,1,1,0.4,0,0,0.0,0,0,0.0,0,0,0.0,0,0,0.0,0,0,0.0,0,0,0.0,0,0,0.0,0,0,0.0,0,0,0.0,3,3,1.3,3,3,1.3,0,0,0.0,0,0,0.0,0,0,0.0,0,0,0.0,10,10,4.4
UNION TERRITORIES:,33,Daman & Diu,0,0,0.0,2,2,1.5,0,0,0.0,0,0,0.0,0,0,0.0,0,0,0.0,4,4,3.1,2,2,1.5,1,1,0.8,0,0,0.0,0,0,0.0,1,1,0.8,1,1,0.8,0,0,0.0,0,0,0.0,0,0,0.0,0,0,0.0,0,0,0.0,0,0,0.0,0,0,0.0,4,4,3.1,4,4,3.1,0,0,0.0,0,0,0.0,0,0,0.0,0,0,0.0,5,5,3.8,5,5,3.8,0,0,0.0,3,3,2.3,3,3,2.3,0,0,0.0,20,20,15.3
UNION TERRITORIES:,34,Delhi,5,5,0.1,116,117,1.2,48,48,0.5,6,6,0.1,8,8,0.1,10,10,0.1,3792,3792,40.8,3672,3789,39.5,3470,3574,37.3,0,0,0.0,0,0,0.0,7,9,0.1,6,8,0.1,1,1,0.0,0,0,0.0,0,0,0.0,195,206,2.1,24,99,0.3,0,0,0.0,0,0,0.0,1253,1253,13.5,1253,1253,13.5,0,0,0.0,10,10,0.1,8,8,0.1,2,2,0.0,2355,2356,25.3,2355,2356,25.3,0,0,0.0,456,462,4.9,456,462,4.9,0,0,0.0,11755,11955,126.3
UNION TERRITORIES:,35,Lakshadweep,0,0,0.0,0,0,0.0,0,0,0.0,0,0,0.0,0,0,0.0,0,0,0.0,0,0,0.0,0,0,0.0,0,0,0.0,0,0,0.0,0,0,0.0,0,0,0.0,0,0,0.0,0,0,0.0,0,0,0.0,0,0,0.0,0,0,0.0,0,0,0.0,0,0,0.0,0,0,0.0,0,0,0.0,0,0,0.0,0,0,0.0,0,0,0.0,0,0,0.0,0,0,0.0,5,5,15.2,5,5,15.2,0,0,0.0,8,8,24.2,8,8,24.2,0,0,0.0,13,13,39.4
UNION TERRITORIES:,36,Puducherry,0,0,0.0,0,0,0.0,0,0,0.0,0,0,0.0,0,0,0.0,0,0,0.0,8,8,1.0,0,0,0.0,0,0,0.0,0,0,0.0,0,0,0.0,0,0,0.0,0,0,0.0,0,0,0.0,0,0,0.0,0,0,0.0,0,0,0.0,0,0,0.0,0,0,0.0,0,0,0.0,10,10,1.3,10,10,1.3,0,0,0.0,0,0,0.0,0,0,0.0,0,0,0.0,23,23,2.9,23,23,2.9,0,0,0.0,0,0,0.0,0,0,0.0,0,0,0.0,41,41,5.2
UNION TERRITORIES:,,TOTAL UT(S),5,5,0.0,127,128,1.1,49,49,0.4,6,6,0.1,8,8,0.1,10,10,0.1,3985,3985,35.5,3804,3932,33.9,3560,3675,31.8,0,0,0.0,0,0,0.0,40,42,0.4,17,19,0.2,23,23,0.2,0,0,0.0,0,0,0.0,204,215,1.8,25,100,0.2,0,0,0.0,0,0,0.0,1392,1392,12.4,1319,1319,11.8,73,73,0.7,12,12,0.1,8,8,0.1,4,4,0.0,2482,2485,22.1,2468,2471,22.0,14,14,0.1,485,491,4.3,485,491,4.3,0,0,0.0,12390,12603,110.5
UNION TERRITORIES:,,TOTAL ALL INDIA,283,286,0.0,7115,7162,1.1,5009,5088,0.8,221,222,0.0,150,156,0.0,42,45,0.0,125298,126575,19.3,72780,73844,11.2,30633,31096,4.7,109,109,0.0,78,80,0.0,32260,32630,5.0,16645,16843,2.6,15615,15787,2.4,3117,3189,0.5,3,3,0.0,6580,6737,1.0,966,1991,0.1,22,26,0.0,8,8,0.0,32033,32260,4.9,27093,27283,4.2,4940,4977,0.8,3944,4038,0.6,3608,3690,0.6,336,348,0.1,88367,89292,13.6,84139,85013,12.9,4228,4279,0.6,6939,7169,1.1,6839,7067,1.1,100,102,0.0,343177,348162,52.8
