section,sl_no,State/UT,"Dowry Prohibition Act, 1961 | I","Dowry Prohibition Act, 1961 | V","Dowry Prohibition Act, 1961 | R","Immoral Traffic (Prevention) Act 1956 (Women Victims cases only) | Immoral Traffic (Prevention) Act, 1956 (Total) | I","Immoral Traffic (Prevention) Act 1956 (Women Victims cases only) | Immoral Traffic (Prevention) Act, 1956 (Total) | V","Immoral Traffic (Prevention) Act 1956 (Women Victims cases only) | Immoral Traffic (Prevention) Act, 1956 (Total) | R","Immoral Traffic (Prevention) Act 1956 (Women Victims cases only) | A) Procuring, inducing Children for the sake of prostitution (Section 5) | I","Immoral Traffic (Prevention) Act 1956 (Women Victims cases only) | A) Procuring, inducing Children for the sake of prostitution (Section 5) | V","Immoral Traffic (Prevention) Act 1956 (Women Victims cases only) | A) Procuring, inducing Children for the sake of prostitution (Section 5) | R",Immoral Traffic (Prevention) Act 1956 (Women Victims cases only) | B) Detaining a person in premises where prostitution is carried on (Section 6) | I,Immoral Traffic (Prevention) Act 1956 (Women Victims cases only) | B) Detaining a person in premises where prostitution is carried on (Section 6) | V,Immoral Traffic (Prevention) Act 1956 (Women Victims cases only) | B) Detaining a person in premises where prostitution is carried on (Section 6) | R,Immoral Traffic (Prevention) Act 1956 (Women Victims cases only) | C) Prostitution in or in the vicinity of public places (Section 7) | I,Immoral Traffic (Prevention) Act 1956 (Women Victims cases only) | C) Prostitution in or in the vicinity of public places (Section 7) | V,Immoral Traffic (Prevention) Act 1956 (Women Victims cases only) | C) Prostitution in or in the vicinity of public places (Section 7) | R,Immoral Traffic (Prevention) Act 1956 (Women Victims cases only) | D) Seducing or soliciting for purpose of prostitution (Section 8) | I,Immoral Traffic (Prevention) Act 1956 (Women Victims cases only) | D) Seducing or soliciting for purpose of prostitution (Section 8) | V,Immoral Traffic (Prevention) Act 1956 (Women Victims cases only) | D) Seducing or soliciting for purpose of prostitution (Section 8) | R,Immoral Traffic (Prevention) Act 1956 (Women Victims cases only) | E) Other Sections under ITP Act | I,Immoral Traffic (Prevention) Act 1956 (Women Victims cases only) | E) Other Sections under ITP Act | V,Immoral Traffic (Prevention) Act 1956 (Women Victims cases only) | E) Other Sections under ITP Act | R,Protection of Women from Domestic Offences Act | I,Protection of Women from Domestic Offences Act | V,Protection of Women from Domestic Offences Act | R,Cyber Crimes/Information Technology Act (Women Centric Crimes only) | Cyber Crimes/Information Technology Act (Women Centric Crimes only) (Total) | I,Cyber Crimes/Information Technology Act (Women Centric Crimes only) | Cyber Crimes/Information Technology Act (Women Centric Crimes only) (Total) | V,Cyber Crimes/Information Technology Act (Women Centric Crimes only) | Cyber Crimes/Information Technology Act (Women Centric Crimes only) (Total) | R,Cyber Crimes/Information Technology Act (Women Centric Crimes only) | A) Publishing or Transmitting of Sexually Explicit Material (Sec. 67A/67B (Girls) IT Act) | I,Cyber Crimes/Information Technology Act (Women Centric Crimes only) | A) Publishing or Transmitting of Sexually Explicit Material (Sec. 67A/67B (Girls) IT Act) | V,Cyber Crimes/Information Technology Act (Women Centric Crimes only) | A) Publishing or Transmitting of Sexually Explicit Material (Sec. 67A/67B (Girls) IT Act) | R,Cyber Crimes/Information Technology Act (Women Centric Crimes only) | B) Other Women Centric Cyber Crimes (Ex. Blackmailing/ Defamation/Morphing/ Fake Profile) | I,Cyber Crimes/Information Technology Act (Women Centric Crimes only) | B) Other Women Centric Cyber Crimes (Ex. Blackmailing/ Defamation/Morphing/ Fake Profile) | V,Cyber Crimes/Information Technology Act (Women Centric Crimes only) | B) Other Women Centric Cyber Crimes (Ex. Blackmailing/ Defamation/Morphing/ Fake Profile) | R,Protection of Children from Sexual Offences Act (Girl Child Victims only) | Protection of Children from Sexual Offences Act (Girl Child Victims only) (Total) | I,Protection of Children from Sexual Offences Act (Girl Child Victims only) | Protection of Children from Sexual Offences Act (Girl Child Victims only) (Total) | V,Protection of Children from Sexual Offences Act (Girl Child Victims only) | Protection of Children from Sexual Offences Act (Girl Child Victims only) (Total) | R,Protection of Children from Sexual Offences Act (Girl Child Victims only) | A) Child Rape (Sec. 4 & 6 of POCSO Act) / Sec. 376 IPC) | I,Protection of Children from Sexual Offences Act (Girl Child Victims only) | A) Child Rape (Sec. 4 & 6 of POCSO Act) / Sec. 376 IPC) | V,Protection of Children from Sexual Offences Act (Girl Child Victims only) | A) Child Rape (Sec. 4 & 6 of POCSO Act) / Sec. 376 IPC) | R,Protection of Children from Sexual Offences Act (Girl Child Victims only) | B) Sexual Assault of Children (Sec. 8 & 10 of POCSO Act) / Sec. 354 IPC) | I,Protection of Children from Sexual Offences Act (Girl Child Victims only) | B) Sexual Assault of Children (Sec. 8 & 10 of POCSO Act) / Sec. 354 IPC) | V,Protection of Children from Sexual Offences Act (Girl Child Victims only) | B) Sexual Assault of Children (Sec. 8 & 10 of POCSO Act) / Sec. 354 IPC) | R,Protection of Children from Sexual Offences Act (Girl Child Victims only) | C) Sexual Harassment (Sec. 12 of POCSO Act) / Sec. 509 IPC) | I,Protection of Children from Sexual Offences Act (Girl Child Victims only) | C) Sexual Harassment (Sec. 12 of POCSO Act) / Sec. 509 IPC) | V,Protection of Children from Sexual Offences Act (Girl Child Victims only) | C) Sexual Harassment (Sec. 12 of POCSO Act) / Sec. 509 IPC) | R,Protection of Children from Sexual Offences Act (Girl Child Victims only) | D) Use of Child for Pornography/Storing Child Pornography Material (Sec. 14 & 15 of POCSO Act) | I,Protection of Children from Sexual Offences Act (Girl Child Victims only) | D) Use of Child for Pornography/Storing Child Pornography Material (Sec. 14 & 15 of POCSO Act) | V,Protection of Children from Sexual Offences Act (Girl Child Victims only) | D) Use of Child for Pornography/Storing Child Pornography Material (Sec. 14 & 15 of POCSO Act) | R,Protection of Children from Sexual Offences Act (Girl Child Victims only) | E) POCSO Act (Sections 17 to 22) / Other offences of POCSO Act | I,Protection of Children from Sexual Offences Act (Girl Child Victims only) | E) POCSO Act (Sections 17 to 22) / Other offences of POCSO Act | V,Protection of Children from Sexual Offences Act (Girl Child Victims only) | E) POCSO Act (Sections 17 to 22) / Other offences of POCSO Act | R,Protection of Children from Sexual Offences Act (Girl Child Victims only) | F) POCSO Act r/w Section 377 IPC / Unnatural Offences | I,Protection of Children from Sexual Offences Act (Girl Child Victims only) | F) POCSO Act r/w Section 377 IPC / Unnatural Offences | V,Protection of Children from Sexual Offences Act (Girl Child Victims only) | F) POCSO Act r/w Section 377 IPC / Unnatural Offences | R,"Indecent Representation of Women (Prohibition) Act, 1986 | I","Indecent Representation of Women (Prohibition) Act, 1986 | V","Indecent Representation of Women (Prohibition) Act, 1986 | R",Total SLL Crimes against Women | I,Total SLL Crimes against Women | V,Total SLL Crimes against Women | R,Total Crime against Women (IPC+SLL) | I,Total Crime against Women (IPC+SLL) | V,Total Crime against Women (IPC+SLL) | R
STATES:,1,Andhra Pradesh,472,480,1.8,88,132,0.3,28,28,0.1,1,1,0.0,5,5,0.0,0,0,0.0,54,98,0.2,0,0,0.0,36,36,0.1,11,11,0.0,25,25,0.1,498,504,1.9,263,266,1.0,62,63,0.2,172,173,0.7,1,2,0.0,0,0,0.0,0,0,0.0,0,0,0.0,1094,1152,4.2,17746,18023,67.9
STATES:,2,Arunachal Pradesh,0,0,0.0,0,0,0.0,0,0,0.0,0,0,0.0,0,0,0.0,0,0,0.0,0,0,0.0,0,0,0.0,4,4,0.5,4,4,0.5,0,0,0.0,34,36,4.6,22,24,3.0,11,11,1.5,0,0,0.0,1,1,0.1,0,0,0.0,0,0,0.0,0,0,0.0,38,40,5.2,317,333,43.3
STATES:,3,Assam,1377,1378,8.2,12,12,0.1,0,0,0.0,0,0,0.0,2,2,0.0,0,0,0.0,10,10,0.1,0,0,0.0,329,331,1.9,144,146,0.9,185,185,1.1,1776,1817,10.5,1261,1290,7.5,362,371,2.1,143,146,0.8,2,2,0.0,8,8,0.0,0,0,0.0,0,0,0.0,3494,3538,20.7,30025,30424,177.8
STATES:,4,Bihar,3289,3329,5.7,40,50,0.1,31,31,0.1,4,4,0.0,5,15,0.0,0,0,0.0,0,0,0.0,0,0,0.0,7,7,0.0,4,4,0.0,3,3,0.0,1525,1590,2.6,719,720,1.2,507,515,0.9,135,190,0.2,164,165,0.3,0,0,0.0,0,0,0.0,1,1,0.0,4862,4977,8.4,18587,18982,32.3
STATES:,5,Chhattisgarh,7,7,0.0,12,12,0.1,1,1,0.0,0,0,0.0,11,11,0.1,0,0,0.0,0,0,0.0,0,0,0.0,23,23,0.2,21,21,0.1,2,2,0.0,2021,2042,14.1,1377,1389,9.6,580,589,4.0,45,45,0.3,4,4,0.0,14,14,0.1,1,1,0.0,0,0,0.0,2063,2084,14.3,7689,7793,53.5
STATES:,6,Goa,0,0,0.0,1,1,0.1,1,1,0.1,0,0,0.0,0,0,0.0,0,0,0.0,0,0,0.0,0,0,0.0,0,0,0.0,0,0,0.0,0,0,0.0,0,0,0.0,0,0,0.0,0,0,0.0,0,0,0.0,0,0,0.0,0,0,0.0,0,0,0.0,0,0,0.0,1,1,0.1,329,387,43.1
STATES:,7,Gujarat,2,2,0.0,24,26,0.1,0,0,0.0,14,16,0.0,0,0,0.0,8,8,0.0,2,2,0.0,0,0,0.0,36,36,0.1,21,21,0.1,15,15,0.0,2227,2243,6.9,1539,1547,4.7,337,341,1.0,258,262,0.8,9,9,0.0,84,84,0.3,0,0,0.0,0,0,0.0,2289,2307,7.0,8799,8854,27.1
STATES:,8,Haryana,24,24,0.2,28,34,0.2,4,6,0.0,1,1,0.0,10,11,0.1,0,0,0.0,13,16,0.1,2,2,0.0,46,50,0.3,41,45,0.3,5,5,0.0,1976,1979,14.6,1117,1119,8.3,653,654,4.8,179,179,1.3,3,3,0.0,21,21,0.2,3,3,0.0,0,0,0.0,2076,2089,15.3,14683,14775,108.5
STATES:,9,Himachal Pradesh,1,1,0.0,10,13,0.3,5,5,0.1,3,6,0.1,0,0,0.0,0,0,0.0,2,2,0.1,3,3,0.1,34,34,0.9,28,28,0.8,6,6,0.2,10,10,0.3,0,0,0.0,4,4,0.1,0,0,0.0,6,6,0.2,0,0,0.0,0,0,0.0,0,0,0.0,58,61,1.6,1636,1664,45.4
STATES:,10,Jammu & Kashmir,0,0,0.0,0,0,0.0,0,0,0.0,0,0,0.0,0,0,0.0,0,0,0.0,0,0,0.0,0,0,0.0,6,6,0.1,3,3,0.0,3,3,0.0,97,97,1.5,75,75,1.2,18,18,0.3,0,0,0.0,0,0,0.0,3,3,0.0,1,1,0.0,0,0,0.0,103,103,1.6,3069,3082,47.8
STATES:,11,Jharkhand,1899,1899,10.4,4,6,0.0,0,0,0.0,1,1,0.0,0,0,0.0,0,0,0.0,3,5,0.0,73,73,0.4,3,3,0.0,1,1,0.0,2,2,0.0,640,640,3.5,461,461,2.5,126,126,0.7,8,8,0.0,32,32,0.2,13,13,0.1,0,0,0.0,0,0,0.0,2619,2621,14.3,8760,8821,47.8
STATES:,12,Karnataka,1745,1764,5.4,214,338,0.7,55,66,0.2,66,123,0.2,30,44,0.1,14,25,0.0,49,80,0.2,1,1,0.0,73,74,0.2,72,73,0.2,1,1,0.0,2139,2188,6.6,1614,1641,5.0,352,367,1.1,128,135,0.4,22,22,0.1,21,21,0.1,2,2,0.0,0,0,0.0,4172,4365,12.8,13828,14648,42.5
STATES:,13,Kerala,3,3,0.0,10,13,0.1,0,0,0.0,3,3,0.0,4,5,0.0,0,0,0.0,3,5,0.0,194,195,1.1,61,64,0.3,43,46,0.2,18,18,0.1,806,809,4.4,67,67,0.4,547,550,3.0,117,117,0.6,71,71,0.4,4,4,0.0,0,0,0.0,7,7,0.0,1081,1091,5.9,11462,11821,62.7
STATES:,14,Madhya Pradesh,59,59,0.1,21,62,0.1,14,55,0.0,0,0,0.0,5,5,0.0,0,0,0.0,2,2,0.0,248,248,0.6,61,64,0.2,60,63,0.2,1,1,0.0,6053,6065,15.1,3337,3349,8.4,2668,2668,6.7,37,37,0.1,9,9,0.0,0,0,0.0,2,2,0.0,0,0,0.0,6442,6498,16.1,27560,27792,69.0
STATES:,15,Maharashtra,26,28,0.0,152,259,0.3,42,90,0.1,15,22,0.0,46,76,0.1,25,28,0.0,24,43,0.0,11,11,0.0,86,86,0.1,42,42,0.1,44,44,0.1,6402,6568,10.9,3117,3161,5.3,3160,3277,5.4,94,99,0.2,18,18,0.0,6,6,0.0,7,7,0.0,0,0,0.0,6677,6952,11.3,37144,38108,63.1
STATES:,16,Manipur,0,0,0.0,0,0,0.0,0,0,0.0,0,0,0.0,0,0,0.0,0,0,0.0,0,0,0.0,0,0,0.0,1,1,0.1,1,1,0.1,0,0,0.0,57,57,3.7,47,47,3.0,8,8,0.5,1,1,0.1,1,1,0.1,0,0,0.0,0,0,0.0,0,0,0.0,58,58,3.7,266,316,17.2
STATES:,17,Meghalaya,1,1,0.1,3,12,0.2,2,11,0.1,0,0,0.0,0,0,0.0,0,0,0.0,1,1,0.1,0,0,0.0,2,2,0.1,2,2,0.1,0,0,0.0,216,219,13.4,144,145,8.9,59,61,3.7,6,6,0.4,0,0,0.0,7,7,0.4,0,0,0.0,0,0,0.0,222,234,13.8,558,644,34.6
STATES:,18,Mizoram,0,0,0.0,0,0,0.0,0,0,0.0,0,0,0.0,0,0,0.0,0,0,0.0,0,0,0.0,0,0,0.0,0,0,0.0,0,0,0.0,0,0,0.0,79,81,13.3,36,36,6.1,41,41,6.9,2,4,0.3,0,0,0.0,0,0,0.0,0,0,0.0,0,0,0.0,79,81,13.3,170,218,28.7
STATES:,19,Nagaland,0,0,0.0,0,0,0.0,0,0,0.0,0,0,0.0,0,0,0.0,0,0,0.0,0,0,0.0,0,0,0.0,0,0,0.0,0,0,0.0,0,0,0.0,12,14,1.2,10,12,1.0,2,2,0.2,0,0,0.0,0,0,0.0,0,0,0.0,0,0,0.0,0,0,0.0,12,14,1.2,43,62,4.1
STATES:,20,Odisha,243,410,1.1,19,22,0.1,0,0,0.0,1,1,0.0,2,5,0.0,3,3,0.0,13,13,0.1,1,1,0.0,390,390,1.7,341,341,1.5,49,49,0.2,2036,2124,9.1,1417,1505,6.3,72,72,0.3,4,4,0.0,542,542,2.4,1,1,0.0,0,0,0.0,6,6,0.0,2695,2953,12.0,23183,23589,103.5
STATES:,21,Punjab,3,3,0.0,9,9,0.1,0,0,0.0,0,0,0.0,4,4,0.0,0,0,0.0,5,5,0.0,3,3,0.0,22,22,0.2,16,16,0.1,6,6,0.0,364,367,2.6,232,235,1.6,122,122,0.9,5,5,0.0,0,0,0.0,0,0,0.0,5,5,0.0,1,1,0.0,402,405,2.8,5886,5938,41.5
STATES:,22,Rajasthan,4,4,0.0,40,53,0.1,19,24,0.1,0,0,0.0,3,8,0.0,4,4,0.0,14,17,0.0,2,2,0.0,41,41,0.1,28,28,0.1,13,13,0.0,571,571,1.5,2,2,0.0,3,3,0.0,20,20,0.1,157,157,0.4,389,389,1.0,0,0,0.0,5,5,0.0,663,676,1.8,41550,41665,110.4
STATES:,23,Sikkim,0,0,0.0,0,0,0.0,0,0,0.0,0,0,0.0,0,0,0.0,0,0,0.0,0,0,0.0,0,0,0.0,1,1,0.3,1,1,0.3,0,0,0.0,85,87,27.1,58,58,18.5,26,26,8.3,1,3,0.3,0,0,0.0,0,0,0.0,0,0,0.0,0,0,0.0,86,88,27.4,125,130,39.8
STATES:,24,Tamil Nadu,237,239,0.6,349,556,0.9,223,392,0.6,45,71,0.1,11,11,0.0,5,10,0.0,65,72,0.2,0,0,0.0,38,45,0.1,27,34,0.1,11,11,0.0,2358,2389,6.2,1726,1729,4.6,457,468,1.2,141,156,0.4,8,8,0.0,26,28,0.1,0,0,0.0,2,2,0.0,2984,3231,7.9,5934,6199,15.6
STATES:,25,Telangana,6,6,0.0,22,34,0.1,5,8,0.0,0,0,0.0,2,2,0.0,1,2,0.0,14,22,0.1,1,1,0.0,66,66,0.4,55,55,0.3,11,11,0.1,1991,2004,10.7,1180,1191,6.4,751,753,4.1,55,55,0.3,3,3,0.0,2,2,0.0,0,0,0.0,0,0,0.0,2086,2111,11.3,18394,18475,99.3
STATES:,26,Tripura,0,0,0.0,0,0,0.0,0,0,0.0,0,0,0.0,0,0,0.0,0,0,0.0,0,0,0.0,0,0,0.0,2,3,0.1,2,3,0.1,0,0,0.0,174,176,8.9,107,109,5.4,63,63,3.2,2,2,0.1,0,0,0.0,2,2,0.1,0,0,0.0,0,0,0.0,176,179,9.0,1070,1076,54.5
STATES:,27,Uttar Pradesh,3833,3962,3.5,22,27,0.0,1,1,0.0,0,0,0.0,10,14,0.0,1,2,0.0,10,10,0.0,5,5,0.0,210,210,0.2,178,178,0.2,32,32,0.0,7444,7570,6.9,3264,3301,3.0,3813,3899,3.5,45,46,0.0,1,1,0.0,308,310,0.3,13,13,0.0,1,1,0.0,11515,11775,10.6,59853,60777,55.4
STATES:,28,Uttarakhand,26,35,0.5,3,5,0.1,1,3,0.0,0,0,0.0,0,0,0.0,0,0,0.0,2,2,0.0,0,0,0.0,17,18,0.3,4,5,0.1,13,13,0.2,358,358,6.6,231,231,4.2,100,100,1.8,15,15,0.3,0,0,0.0,12,12,0.2,0,0,0.0,0,0,0.0,404,416,7.4,2541,2567,46.5
STATES:,29,West Bengal,7,7,0.0,97,153,0.2,0,0,0.0,0,0,0.0,2,2,0.0,0,0,0.0,95,151,0.2,6,6,0.0,13,13,0.0,2,2,0.0,11,11,0.0,2240,2246,4.7,1365,1369,2.9,625,627,1.3,201,201,0.4,21,21,0.0,28,28,0.1,0,0,0.0,0,0,0.0,2363,2425,5.0,30394,30921,64.0
STATES:,,TOTAL STATE(S),13264,13641,2.1,1180,1829,0.2,432,722,0.1,154,249,0.0,152,220,0.0,61,82,0.0,381,556,0.1,550,551,0.1,1608,1630,0.3,1152,1174,0.2,456,456,0.1,44189,44851,6.9,24788,25079,3.9,15529,15799,2.4,1814,1909,0.3,1075,1077,0.2,949,953,0.1,34,34,0.0,23,23,0.0,60814,62525,9.5,391601,398084,61.3
UNION TERRITORIES:,30,A&N Islands,0,0,0.0,0,0,0.0,0,0,0.0,0,0,0.0,0,0,0.0,0,0,0.0,0,0,0.0,0,0,0.0,1,1,0.5,0,0,0.0,1,1,0.5,92,92,49.2,83,83,44.4,5,5,2.7,4,4,2.1,0,0,0.0,0,0,0.0,0,0,0.0,0,0,0.0,93,93,49.7,135,137,72.2
UNION TERRITORIES:,31,Chandigarh,1,1,0.2,0,0,0.0,0,0,0.0,0,0,0.0,0,0,0.0,0,0,0.0,0,0,0.0,0,0,0.0,1,1,0.2,1,1,0.2,0,0,0.0,4,4,0.7,1,1,0.2,3,3,0.6,0,0,0.0,0,0,0.0,0,0,0.0,0,0,0.0,0,0,0.0,6,6,1.1,515,526,95.2
UNION TERRITORIES:,32,D&N Haveli,0,0,0.0,0,0,0.0,0,0,0.0,0,0,0.0,0,0,0.0,0,0,0.0,0,0,0.0,0,0,0.0,0,0,0.0,0,0,0.0,0,0,0.0,39,39,17.2,38,38,16.7,1,1,0.4,0,0,0.0,0,0,0.0,0,0,0.0,0,0,0.0,0,0,0.0,39,39,17.2,49,49,21.6
UNION TERRITORIES:,33,Daman & Diu,0,0,0.0,1,10,0.8,0,0,0.0,0,0,0.0,1,10,0.8,0,0,0.0,0,0,0.0,0,0,0.0,0,0,0.0,0,0,0.0,0,0,0.0,12,12,9.2,9,9,6.9,1,1,0.8,1,1,0.8,1,1,0.8,0,0,0.0,0,0,0.0,0,0,0.0,13,22,9.9,33,42,25.2
UNION TERRITORIES:,34,Delhi,26,26,0.3,4,6,0.0,0,0,0.0,1,1,0.0,0,0,0.0,1,1,0.0,2,4,0.0,3,3,0.0,11,13,0.1,5,7,0.1,6,6,0.1,1596,1611,17.2,953,957,10.2,593,604,6.4,43,43,0.5,3,3,0.0,2,2,0.0,2,2,0.0,0,0,0.0,1640,1659,17.6,13395,13614,144.0
UNION TERRITORIES:,35,Lakshadweep,0,0,0.0,0,0,0.0,0,0,0.0,0,0,0.0,0,0,0.0,0,0,0.0,0,0,0.0,0,0,0.0,0,0,0.0,0,0,0.0,0,0,0.0,25,25,75.8,14,14,42.4,7,7,21.2,4,4,12.1,0,0,0.0,0,0,0.0,0,0,0.0,0,0,0.0,25,25,75.8,38,38,115.2
UNION TERRITORIES:,36,Puducherry,6,6,0.8,0,0,0.0,0,0,0.0,0,0,0.0,0,0,0.0,0,0,0.0,0,0,0.0,0,0,0.0,0,0,0.0,0,0,0.0,0,0,0.0,48,48,6.1,48,48,6.1,0,0,0.0,0,0,0.0,0,0,0.0,0,0,0.0,0,0,0.0,0,0,0.0,54,54,6.9,95,95,12.1
UNION TERRITORIES:,,TOTAL UT(S),33,33,0.3,5,16,0.0,0,0,0.0,1,1,0.0,1,10,0.0,1,1,0.0,2,4,0.0,3,3,0.0,13,15,0.1,6,8,0.1,7,7,0.1,1816,1831,16.2,1146,1150,10.2,610,621,5.4,52,52,0.5,4,4,0.0,2,2,0.0,2,2,0.0,0,0,0.0,1870,1898,16.7,14260,14501,127.2
UNION TERRITORIES:,,TOTAL ALL INDIA,13297,13674,2.0,1185,1845,0.2,432,722,0.1,155,250,0.0,153,230,0.0,62,83,0.0,383,560,0.1,553,554,0.1,1621,1645,0.2,1158,1182,0.2,463,463,0.1,46005,46682,7.1,25934,26229,4.0,16139,16420,2.5,1866,1961,0.3,1079,1081,0.2,951,955,0.1,36,36,0.0,23,23,0.0,62684,64423,9.6,405861,412585,62.4
