section,sl_no,State/UT,2016,2017,2018,Percentage Share of State/UT (2018),Mid-Year Projected Population (in Lakhs) (2018)+,Rate of Total Cognizable Crime (IPC) (2018)++
STATES:,1,Andhra Pradesh,106774,132336,126635,4.0,520.3,243.4
STATES:,2,Arunachal Pradesh,2534,2565,2613,0.1,14.9,175.0
STATES:,3,Assam,102250,104324,112232,3.6,340.4,329.7
STATES:,4,Bihar,164163,180573,196911,6.3,1183.3,166.4
STATES:,5,Chhattisgarh,55029,58481,60178,1.9,284.7,211.4
STATES:,6,Goa,2692,2965,2740,0.1,15.3,178.6
STATES:,7,Gujarat,147122,128775,147574,4.7,673.2,219.2
STATES:,8,Haryana,88527,97924,108212,3.5,284.0,381.0
STATES:,9,Himachal Pradesh,13386,13007,14604,0.5,72.7,200.9
STATES:,10,Jammu & Kashmir,24501,22667,24216,0.8,134.3,180.4
STATES:,11,Jharkhand,40710,44595,45287,1.4,370.5,122.2
STATES:,12,Karnataka,148402,146354,126534,4.0,654.5,193.3
STATES:,13,Kerala,260097,235846,186958,6.0,350.0,534.1
STATES:,14,Madhya Pradesh,264418,269512,248354,7.9,814.7,304.8
STATES:,15,Maharashtra,261714,288879,346291,11.1,1213.9,285.3
STATES:,16,Manipur,3170,3416,2869,0.1,30.8,93.1
STATES:,17,Meghalaya,3366,3521,2921,0.1,32.0,91.3
STATES:,18,Mizoram,2425,2118,1774,0.1,11.8,149.8
STATES:,19,Nagaland,1376,1068,1223,0.0,21.3,57.3
STATES:,20,Odisha,81460,83583,83769,2.7,435.5,192.4
STATES:,21,Punjab,40007,39288,41640,1.3,297.0,140.2
STATES:,22,Rajasthan,180398,169941,171889,5.5,765.9,224.4
STATES:,23,Sikkim,809,719,620,0.0,6.6,94.1
STATES:,24,Tamil Nadu,179896,178836,185912,5.9,754.6,246.4
STATES:,25,Telangana,108991,119858,113951,3.6,370.3,307.7
STATES:,26,Tripura,3933,3918,5325,0.2,39.6,134.4
STATES:,27,Uttar Pradesh,282171,310084,342355,10.9,2230.0,153.5
STATES:,28,Uttarakhand,10867,12889,14739,0.5,110.6,133.3
STATES:,29,West Bengal,176569,163999,157610,5.0,965.0,163.3
STATES:,,TOTAL STATE(S),2757757,2822041,2875936,91.8,12997.9,221.3
UNION TERRITORIES:,30,A&N Islands,802,638,706,0.0,4.0,178.3
UNION TERRITORIES:,31,Chandigarh,2996,3240,3072,0.1,11.7,262.6
UNION TERRITORIES:,32,D&N Haveli,244,266,255,0.0,5.3,48.6
UNION TERRITORIES:,33,Daman & Diu,271,367,319,0.0,4.0,80.8
UNION TERRITORIES:,34,Delhi,209519,232066,249012,7.9,195.6,1273.0
UNION TERRITORIES:,35,Lakshadweep,36,78,48,0.0,0.7,71.6
UNION TERRITORIES:,36,Puducherry,4086,3883,3606,0.1,14.8,243.5
UNION TERRITORIES:,,TOTAL UT(S),217954,240538,257018,8.2,236.0,1089.3
UNION TERRITORIES:,,TOTAL ALL INDIA,2975711,3062579,3132954,100.0,13233.8,236.7
