section,sl_no,State/UT,Rape,Attempt to commit Rape,Kidnapping & Abduction of Women,Dowry Deaths,Assault on Women with intent to outrage her Modesty,Insult to the Modesty of Women,Cruelty by Husband or his Relatives,Importation of Girls from Foreign Country,Abetment of Suicides of Women,"Dowry Prohibition Act, 1961","Indecent Representation of Women (Prohibition) Act, 1986",Commission of Sati Prevention Act 1987,"Protection of Women from Domestic Violence Act, 2005",Immoral Traffic (Prevention) Act (Women Cases only),Total Crimes against Women
,1,Andhra Pradesh,961,165,721,215,4547,2649,6362,0,217,468,3,0,0,204,16512
,2,Arunachal Pradesh,83,10,91,1,121,3,42,0,0,0,0,0,0,0,351
,3,Assam,1980,227,3895,188,3099,1,9626,1,0,92,0,0,1,29,19139
,4,Bihar,1127,484,4735,1373,572,69,4672,5,0,2203,0,0,112,31,15383
,5,Chhattisgarh,1436,21,1393,128,2122,79,964,0,102,8,0,0,0,2,6255
,6,Goa,95,2,86,0,202,57,35,0,0,0,0,0,2,9,488
,7,Gujarat,841,6,2187,23,1352,173,5991,0,164,53,0,0,2,45,10837
,8,Haryana,1174,136,1922,293,1688,102,3478,0,120,13,1,0,4,43,8974
,9,Himachal Pradesh,283,5,227,1,538,60,325,0,66,2,0,0,5,5,1517
,10,Jammu & Kashmir,331,20,813,5,1421,237,467,0,25,1,0,0,0,1,3321
,11,Jharkhand,1050,208,885,350,440,18,1462,2,1,1538,2,0,5,11,5972
,12,Karnataka,1324,22,1457,313,5263,170,3025,0,222,1730,0,0,0,388,13914
,13,Kerala,1347,36,143,28,4367,257,4919,0,38,3,11,0,140,91,11380
,14,Madhya Pradesh,5076,56,5688,733,9609,429,6451,0,455,113,0,0,53,15,28678
,15,Maharashtra,3438,15,2457,279,10001,1575,7696,1,986,39,0,0,4,202,26693
,16,Manipur,75,1,121,1,98,0,41,0,0,0,0,0,0,0,337
,17,Meghalaya,118,26,38,1,105,54,42,0,0,1,0,0,0,3,388
,18,Mizoram,120,1,3,0,97,29,8,0,0,0,0,0,0,0,258
,19,Nagaland,30,3,13,0,16,1,3,0,0,0,0,0,0,1,67
,20,Odisha,1978,33,2436,441,5543,379,3114,0,4,646,0,0,0,32,14606
,21,Punjab,981,154,1176,90,1113,35,1681,0,124,5,1,0,2,63,5425
,22,Rajasthan,3759,373,4421,408,5999,18,15905,0,143,12,18,0,17,78,31151
,23,Sikkim,47,9,12,0,34,3,5,0,0,0,0,0,0,0,110
,24,Tamil Nadu,455,16,1502,95,1102,229,2103,0,52,292,4,0,4,471,6325
,25,Telangana,979,73,711,289,3188,1142,6369,0,627,563,2,0,1,192,14136
,26,Tripura,239,35,102,33,492,11,702,0,0,1,0,0,0,0,1615
,27,Uttar Pradesh,3467,324,10626,2469,8605,29,10471,0,239,2133,1,0,66,37,38467
,28,Uttarakhand,270,41,275,38,343,4,301,0,0,104,0,0,0,19,1395
,29,West Bengal,1466,1656,4976,501,5670,543,23278,4,119,1,4,0,1,80,38299
,,TOTAL STATE(S),34530,4158,53112,8296,77747,8356,119538,13,3704,10021,47,0,419,2052,321993
,30,A & N Islands,32,0,17,3,41,5,14,0,2,0,0,0,0,1,115
,31,Chandigarh,59,6,133,2,87,2,141,0,0,2,0,0,0,0,432
,32,D&N Haveli,5,0,7,0,2,1,6,0,0,0,0,0,0,0,21
,33,Daman & Diu,2,0,1,0,3,0,1,0,0,0,0,0,0,8,15
,34,Delhi UT,2096,70,4034,153,4322,1361,3173,0,28,13,0,0,7,8,15265
,35,Lakshadweep,1,0,0,0,1,2,0,0,0,0,0,0,0,0,4
,36,Puducherry,10,0,7,1,32,8,4,0,0,14,0,0,0,1,77
,,TOTAL UT(S),2205,76,4199,159,4488,1379,3339,0,30,29,0,0,7,18,15929
,,TOTAL (ALL INDIA),36735,4234,57311,8455,82235,9735,122877,13,3734,10050,47,0,426,2070,337922
