section,sl_no,State/UT,Cases Reported,Percentage Contribution To All India Total,Mid-Year Projected Female Population + (in Lakhs),Rate of Total Cognizable Crimes
STATES:,1,Andhra Pradesh,15931,4.9,255.6 *,62.3
STATES:,2,Arunachal Pradesh,384,0.1,6.2,62.1
STATES:,3,Assam,23258,7.1,157.0,148.2
STATES:,4,Bihar,13891,4.2,498.4,27.9
STATES:,5,Chhattisgarh,5720,1.7,127.8,44.8
STATES:,6,Goa,365,0.1,9.2,39.9
STATES:,7,Gujarat,7762,2.4,294.7,26.3
STATES:,8,Haryana,9446,2.9,124.7,75.7
STATES:,9,Himachal Pradesh,1289,0.4,34.4,37.4
STATES:,10,Jammu & Kashmir,3363,1.0,59.0,57.0
STATES:,11,Jharkhand,6518,2.0,162.0,40.2
STATES:,12,Karnataka,12705,3.9,305.7,41.6
STATES:,13,Kerala,9708,3.0,181.7,53.4
STATES:,14,Madhya Pradesh,24135,7.4,368.6,65.5
STATES:,15,Maharashtra,31126,9.5,568.0,54.8
STATES:,16,Manipur,266,0.1,12.8,20.8
STATES:,17,Meghalaya,334,0.1,13.6,24.5
STATES:,18,Mizoram,158,0.0,5.1,30.9
STATES:,19,Nagaland,90,0.0,11.2,8.0
STATES:,20,Odisha,17144,5.2,209.2,81.9
STATES:,21,Punjab,5291,1.6,133.2,39.7
STATES:,22,Rajasthan,28165,8.6,345.6,81.5
STATES:,23,Sikkim,53,0.0,3.0,17.6
STATES:,24,Tamil Nadu,5847,1.8,344.8,17.0
STATES:,25,Telangana,15135,4.6,182.1 *,83.1
STATES:,26,Tripura,1267,0.4,18.6,68.2
STATES:,27,Uttar Pradesh,35527,10.9,1021.2,34.8
STATES:,28,Uttarakhand,1453,0.4,51.6,28.2
STATES:,29,West Bengal,33218,10.1,452.5,73.4
STATES:,,TOTAL STATE(S),309549,94.5,5957.4,52.0
UNION TERRITORIES:,30,A & N Islands,136,0.0,2.7,51.1
UNION TERRITORIES:,31,Chandigarh,463,0.1,7.1,64.8
UNION TERRITORIES:,32,D&N Haveli,25,0.0,1.9,12.9
UNION TERRITORIES:,33,Daman & Diu,28,0.0,1.1,26.4
UNION TERRITORIES:,34,Delhi UT,17104,5.2,92.8,184.3
UNION TERRITORIES:,35,Lakshadweep,9,0.0,0.4,22.0
UNION TERRITORIES:,36,Puducherry,80,0.0,7.4,10.9
UNION TERRITORIES:,,TOTAL UT(S),17845,5.5,113.4,157.4
UNION TERRITORIES:,,TOTAL ALL INDIA,327394,100.0,6070.8,53.9
