section,sl_no,State/UT,Murder with Rape/Gang Rape | I,Murder with Rape/Gang Rape | V,Murder with Rape/Gang Rape | R,Dowry Deaths (Sec. 304B IPC) | I,Dowry Deaths (Sec. 304B IPC) | V,Dowry Deaths (Sec. 304B IPC) | R,Abetment to Suicide of Women (Sec. 305/306 IPC) | I,Abetment to Suicide of Women (Sec. 305/306 IPC) | V,Abetment to Suicide of Women (Sec. 305/306 IPC) | R,Miscarriage (Sec. 313 & 314 IPC) | I,Miscarriage (Sec. 313 & 314 IPC) | V,Miscarriage (Sec. 313 & 314 IPC) | R,Acid Attack (Sec. 326A IPC) | 1,Acid Attack (Sec. 326A IPC) | V,Acid Attack (Sec. 326A IPC) | R,Attempt to Acid Attack (Sec. 326B IPC) | I,Attempt to Acid Attack (Sec. 326B IPC) | V,Attempt to Acid Attack (Sec. 326B IPC) | R,Cruelty by Husband or his relatives (Sec. 498 A IPC) | I,Cruelty by Husband or his relatives (Sec. 498 A IPC) | V,Cruelty by Husband or his relatives (Sec. 498 A IPC) | R,Kidnapping & Abduction of Women | Kidnapping & Abduction of Women (Total) | I,Kidnapping & Abduction of Women | Kidnapping & Abduction of Women (Total) | V,Kidnapping & Abduction of Women | Kidnapping & Abduction of Women (Total) | R,Kidnapping & Abduction of Women | Kidnapping & Abduction (Sec. 336 IPC) | I,Kidnapping & Abduction of Women | Kidnapping & Abduction (Sec. 336 IPC) | V,Kidnapping & Abduction of Women | Kidnapping & Abduction (Sec. 336 IPC) | R,Kidnapping & Abduction of Women | Kidnapping & Abduction in order to Murder (Sec. 364 IPC) | I,Kidnapping & Abduction of Women | Kidnapping & Abduction in order to Murder (Sec. 364 IPC) | V,Kidnapping & Abduction of Women | Kidnapping & Abduction in order to Murder (Sec. 364 IPC) | R,Kidnapping & Abduction of Women | Kidnapping for Ransom (Sec. 364A IPC) | I,Kidnapping & Abduction of Women | Kidnapping for Ransom (Sec. 364A IPC) | V,Kidnapping & Abduction of Women | Kidnapping for Ransom (Sec. 364A IPC) | R,Kidnapping & Abduction of Women | Kidnapping & Abduction of Women to compel her for marriage (Sec. 366 IPC) | K&A of Women to compel her for marriage (Total) | I,Kidnapping & Abduction of Women | Kidnapping & Abduction of Women to compel her for marriage (Sec. 366 IPC) | K&A of Women to compel her for marriage (Total) | V,Kidnapping & Abduction of Women | Kidnapping & Abduction of Women to compel her for marriage (Sec. 366 IPC) | K&A of Women to compel her for marriage (Total) | R,Kidnapping & Abduction of Women | Kidnapping & Abduction of Women to compel her for marriage (Sec. 366 IPC) | a) Women (Above 18 yrs) | I,Kidnapping & Abduction of Women | Kidnapping & Abduction of Women to compel her for marriage (Sec. 366 IPC) | a) Women (Above 18 yrs) | V,Kidnapping & Abduction of Women | Kidnapping & Abduction of Women to compel her for marriage (Sec. 366 IPC) | a) Women (Above 18 yrs) | R,Kidnapping & Abduction of Women | K & A of Women to compel her for marriage (Sec. 366 IPC) b) Girls (Below 18 yrs) | I,Kidnapping & Abduction of Women | K & A of Women to compel her for marriage (Sec. 366 IPC) b) Girls (Below 18 yrs) | V,Kidnapping & Abduction of Women | K & A of Women to compel her for marriage (Sec. 366 IPC) b) Girls (Below 18 yrs) | R,Kidnapping & Abduction of Women | Procuration of Minor Girls (Sec. 366A IPC) | I,Kidnapping & Abduction of Women | Procuration of Minor Girls (Sec. 366A IPC) | V,Kidnapping & Abduction of Women | Procuration of Minor Girls (Sec. 366A IPC) | R,Kidnapping & Abduction of Women | Importation of Girls from Foreign Country (Sec. 366B IPC) | I,Kidnapping & Abduction of Women | Importation of Girls from Foreign Country (Sec. 366B IPC) | V,Kidnapping & Abduction of Women | Importation of Girls from Foreign Country (Sec. 366B IPC) | R,"Kidnapping & Abduction of Women Kidnapping and Abduction of Women – Others (Secs.363A, 365, 367, 368, 369 IPC) | I","Kidnapping & Abduction of Women Kidnapping and Abduction of Women – Others (Secs.363A, 365, 367, 368, 369 IPC) | V","Kidnapping & Abduction of Women Kidnapping and Abduction of Women – Others (Secs.363A, 365, 367, 368, 369 IPC) | R",Human Trafficking (Sec. 370 & 370A IPC) | I,Human Trafficking (Sec. 370 & 370A IPC) | V,Human Trafficking (Sec. 370 & 370A IPC) | R,Selling of Minor Girls (Sec. 372 IPC) | I,Selling of Minor Girls (Sec. 372 IPC) | V,Selling of Minor Girls (Sec. 372 IPC) | R,Buying of Minor Girls (Sec. 373 IPC) | I,Buying of Minor Girls (Sec. 373 IPC) | V,Buying of Minor Girls (Sec. 373 IPC) | R,Rape (Sec.376 IPC) | Rape (Total) | I,Rape (Sec.376 IPC) | Rape (Total) | V,Rape (Sec.376 IPC) | Rape (Total) | R,Rape (Sec.376 IPC) | A) Women (18 Yrs. And above) | I,Rape (Sec.376 IPC) | A) Women (18 Yrs. And above) | V,Rape (Sec.376 IPC) | A) Women (18 Yrs. And above) | R,Rape (Sec.376 IPC) | B) Girls (Below 18 yrs) | I,Rape (Sec.376 IPC) | B) Girls (Below 18 yrs) | V,Rape (Sec.376 IPC) | B) Girls (Below 18 yrs) | R,Attempt to Commit Rape (Sec. 376/511 IPC) | Attempt to Commit Rape (Total) | I,Attempt to Commit Rape (Sec. 376/511 IPC) | Attempt to Commit Rape (Total) | V,Attempt to Commit Rape (Sec. 376/511 IPC) | Attempt to Commit Rape (Total) | R,Attempt to Commit Rape (Sec. 376/511 IPC) | A) Women (18 Yrs. And above) | I,Attempt to Commit Rape (Sec. 376/511 IPC) | A) Women (18 Yrs. And above) | V,Attempt to Commit Rape (Sec. 376/511 IPC) | A) Women (18 Yrs. And above) | R,Attempt to Commit Rape (Sec. 376/511 IPC) | B) Girls (Below 18 yrs) | I,Attempt to Commit Rape (Sec. 376/511 IPC) | B) Girls (Below 18 yrs) | V,Attempt to Commit Rape (Sec. 376/511 IPC) | B) Girls (Below 18 yrs) | R,Assault on Women with Intent to Outrage her Modesty (Sec. 354 IPC) | Assault on Women with Intent to Outrage her Modesty (Total) | I,Assault on Women with Intent to Outrage her Modesty (Sec. 354 IPC) | Assault on Women with Intent to Outrage her Modesty (Total) | V,Assault on Women with Intent to Outrage her Modesty (Sec. 354 IPC) | Assault on Women with Intent to Outrage her Modesty (Total) | R,Assault on Women with Intent to Outrage her Modesty (Sec. 354 IPC) | A) Women (18 Yrs. And above) | I,Assault on Women with Intent to Outrage her Modesty (Sec. 354 IPC) | A) Women (18 Yrs. And above) | V,Assault on Women with Intent to Outrage her Modesty (Sec. 354 IPC) | A) Women (18 Yrs. And above) | R,Assault on Women with Intent to Outrage her Modesty (Sec. 354 IPC) | B) Girls (Below 18 yrs) | I,Assault on Women with Intent to Outrage her Modesty (Sec. 354 IPC) | B) Girls (Below 18 yrs) | V,Assault on Women with Intent to Outrage her Modesty (Sec. 354 IPC) | B) Girls (Below 18 yrs) | R,Insult to the Modesty of Women (Sec. 509 IPC) | Insult to the Modesty of Women (Total) | I,Insult to the Modesty of Women (Sec. 509 IPC) | Insult to the Modesty of Women (Total) | V,Insult to the Modesty of Women (Sec. 509 IPC) | Insult to the Modesty of Women (Total) | R,Insult to the Modesty of Women (Sec. 509 IPC) | A) Women (18 Yrs. And above) | I,Insult to the Modesty of Women (Sec. 509 IPC) | A) Women (18 Yrs. And above) | V,Insult to the Modesty of Women (Sec. 509 IPC) | A) Women (18 Yrs. And above) | R,Insult to the Modesty of Women (Sec. 509 IPC) | B) Girls (Below 18 yrs) | I,Insult to the Modesty of Women (Sec. 509 IPC) | B) Girls (Below 18 yrs) | V,Insult to the Modesty of Women (Sec. 509 IPC) | B) Girls (Below 18 yrs) | R,Total IPC Crimes against Women | I,Total IPC Crimes against Women | V,Total IPC Crimes against Women | R
STATES:,1,Andhra Pradesh,2,2,0.0,108,109,0.4,397,410,1.5,13,13,0.0,2,2,0.0,5,5,0.0,7092,7651,26.8,613,632,2.3,358,367,1.4,0,0,0.0,9,9,0.0,149,150,0.6,87,88,0.3,62,62,0.2,75,84,0.3,0,0,0.0,22,22,0.1,71,94,0.3,0,0,0.0,0,0,0.0,1188,1204,4.5,574,590,2.2,614,614,2.3,162,162,0.6,127,127,0.5,35,35,0.1,5108,5160,19.3,4615,4665,17.5,493,495,1.9,2370,2384,9.0,2342,2356,8.9,28,28,0.1,17131,17828,64.8
STATES:,2,Arunachal Pradesh,0,0,0.0,0,0,0.0,1,1,0.1,0,0,0.0,0,0,0.0,0,0,0.0,112,112,15.0,50,51,6.7,45,46,6.0,0,0,0.0,0,0,0.0,4,4,0.5,2,2,0.3,2,2,0.3,1,1,0.1,0,0,0.0,0,0,0.0,0,0,0.0,0,0,0.0,0,0,0.0,83,83,11.1,29,29,3.9,54,54,7.2,9,9,1.2,3,3,0.4,6,6,0.8,74,75,9.9,66,67,8.8,8,8,1.1,10,10,1.3,9,9,1.2,1,1,0.1,339,341,45.4
STATES:,3,Assam,46,47,0.3,198,198,1.1,82,82,0.5,14,14,0.1,7,9,0.0,3,3,0.0,12950,12964,75.0,5739,5866,33.3,918,949,5.3,4,4,0.0,7,7,0.0,3294,3362,19.1,2831,2896,16.4,463,466,2.7,854,864,4.9,0,0,0.0,662,680,3.8,68,169,0.4,0,0,0.0,0,0,0.0,1733,1835,10.0,1730,1832,10.0,3,3,0.0,561,563,3.3,561,563,3.3,0,0,0.0,4499,4511,26.1,4494,4506,26.0,5,5,0.0,184,194,1.1,184,194,1.1,0,0,0.0,26084,26455,151.2
STATES:,4,Bihar,0,0,0.0,1000,1000,1.7,5,5,0.0,0,0,0.0,1,1,0.0,1,1,0.0,2069,2069,3.5,8661,8684,14.6,862,864,1.5,9,9,0.0,2,3,0.0,6589,6608,11.1,3684,3685,6.2,2905,2923,4.9,1,1,0.0,0,0,0.0,1198,1199,2.0,15,44,0.0,1,1,0.0,0,0,0.0,786,786,1.3,786,786,1.3,0,0,0.0,63,63,0.1,57,57,0.1,6,6,0.0,387,391,0.7,385,388,0.6,2,3,0.0,1,1,0.0,1,1,0.0,0,0,0.0,12990,13046,21.9
STATES:,5,Chhattisgarh,8,9,0.1,65,65,0.4,125,125,0.8,0,0,0.0,0,0,0.0,0,0,0.0,963,963,6.5,1158,1172,7.8,1065,1078,7.2,0,0,0.0,1,1,0.0,70,70,0.5,8,8,0.1,62,62,0.4,2,2,0.0,0,0,0.0,20,21,0.1,14,17,0.1,0,0,0.0,0,0,0.0,1093,1093,7.4,1093,1093,7.4,0,0,0.0,7,7,0.0,6,6,0.0,1,1,0.0,1248,1267,8.5,1248,1267,8.5,0,0,0.0,238,240,1.6,234,236,1.6,4,4,0.0,4919,4958,33.3
STATES:,6,Goa,0,0,0.0,0,0,0.0,0,0,0.0,0,0,0.0,0,0,0.0,0,0,0.0,1,1,0.1,39,40,5.0,31,32,4.0,0,0,0.0,0,0,0.0,0,0,0.0,0,0,0.0,0,0,0.0,0,0,0.0,0,0,0.0,8,8,1.0,14,37,1.8,0,0,0.0,0,0,0.0,72,74,9.3,25,25,3.2,47,49,6.1,0,0,0.0,0,0,0.0,0,0,0.0,74,81,9.6,55,60,7.1,19,21,2.5,20,20,2.6,20,20,2.6,0,0,0.0,220,253,28.4
STATES:,7,Gujarat,7,7,0.0,11,11,0.0,384,384,1.2,6,6,0.0,6,6,0.0,6,6,0.0,2271,2309,6.8,881,892,2.6,192,203,0.6,3,3,0.0,1,1,0.0,666,666,2.0,183,183,0.5,483,483,1.4,0,0,0.0,0,0,0.0,19,19,0.1,10,13,0.0,0,0,0.0,0,0,0.0,589,589,1.8,582,582,1.7,7,7,0.0,1,1,0.0,1,1,0.0,0,0,0.0,660,661,2.0,621,621,1.9,39,40,0.1,7,7,0.0,7,7,0.0,0,0,0.0,4839,4892,14.5
STATES:,8,Haryana,11,11,0.1,275,275,2.0,201,205,1.4,14,14,0.1,6,6,0.0,0,0,0.0,5755,5755,41.3,2958,3084,21.2,141,145,1.0,2,2,0.0,2,2,0.0,1084,1086,7.8,858,860,6.2,226,226,1.6,992,1099,7.1,0,0,0.0,737,750,5.3,15,19,0.1,3,3,0.0,0,0,0.0,1716,1716,12.3,1716,1716,12.3,0,0,0.0,235,235,1.7,235,235,1.7,0,0,0.0,2882,2883,20.7,2882,2883,20.7,0,0,0.0,290,290,2.1,288,288,2.1,2,2,0.0,14361,14496,103.2
STATES:,9,Himachal Pradesh,0,0,0.0,2,2,0.1,51,51,1.4,0,0,0.0,0,0,0.0,0,0,0.0,221,221,6.1,344,351,9.4,119,119,3.3,1,1,0.0,0,0,0.0,208,214,5.7,12,12,0.3,196,202,5.4,7,8,0.2,0,0,0.0,9,9,0.2,1,1,0.0,0,0,0.0,0,0,0.0,358,360,9.8,143,143,3.9,215,217,5.9,3,3,0.1,1,1,0.0,2,2,0.1,487,492,13.3,419,424,11.5,68,68,1.9,94,94,2.6,93,93,2.5,1,1,0.0,1561,1575,42.8
STATES:,10,Jharkhand,20,22,0.1,281,281,1.5,40,40,0.2,3,3,0.0,0,0,0.0,0,0,0.0,931,931,4.9,1159,1161,6.1,179,181,0.9,5,5,0.0,5,5,0.0,658,658,3.5,511,511,2.7,147,147,0.8,308,308,1.6,0,0,0.0,4,4,0.0,35,37,0.2,0,0,0.0,0,0,0.0,1425,1425,7.6,1130,1130,6.0,295,295,1.6,164,164,0.9,159,159,0.8,5,5,0.0,1335,1339,7.1,1289,1293,6.8,46,46,0.2,6,6,0.0,6,6,0.0,0,0,0.0,5399,5409,28.6
STATES:,11,Karnataka,18,20,0.1,158,163,0.5,296,311,0.9,5,5,0.0,1,1,0.0,1,1,0.0,2336,2408,7.1,906,920,2.7,787,800,2.4,0,0,0.0,1,1,0.0,75,76,0.2,42,43,0.1,33,33,0.1,19,19,0.1,0,0,0.0,24,24,0.1,8,10,0.0,0,0,0.0,0,0,0.0,555,559,1.7,555,559,1.7,0,0,0.0,4,4,0.0,3,3,0.0,1,1,0.0,5105,5985,15.5,5103,5983,15.5,2,2,0.0,71,76,0.2,71,76,0.2,0,0,0.0,9464,10463,28.7
STATES:,12,Kerala,2,2,0.0,9,9,0.0,25,26,0.1,1,1,0.0,1,1,0.0,3,3,0.0,4997,5079,27.1,179,180,1.0,131,132,0.7,0,0,0.0,0,0,0.0,33,33,0.2,7,7,0.0,26,26,0.1,2,2,0.0,0,0,0.0,13,13,0.1,60,68,0.3,0,0,0.0,0,0,0.0,771,786,4.2,771,786,4.2,0,0,0.0,61,61,0.3,41,41,0.2,20,20,0.1,4059,4134,22.0,3433,3494,18.6,626,640,3.4,504,514,2.7,475,483,2.6,29,31,0.2,10672,10864,57.8
STATES:,13,Madhya Pradesh,35,38,0.1,522,523,1.3,758,773,1.8,12,12,0.0,5,5,0.0,0,0,0.0,7929,7932,19.3,6106,6139,14.9,4677,4706,11.4,0,0,0.0,1,1,0.0,1340,1341,3.3,78,78,0.2,1262,1263,3.1,64,67,0.2,0,0,0.0,24,24,0.1,52,59,0.1,3,6,0.0,1,1,0.0,2947,2947,7.2,2947,2947,7.2,0,0,0.0,28,28,0.1,24,24,0.1,4,4,0.0,5760,5764,14.0,5760,5764,14.0,0,0,0.0,250,282,0.6,247,279,0.6,3,3,0.0,24408,24509,59.4
STATES:,14,Maharashtra,23,23,0.0,172,172,0.3,927,950,1.5,26,26,0.0,3,3,0.0,3,3,0.0,10095,10101,16.9,7559,7750,12.6,7073,7247,11.8,8,11,0.0,7,7,0.0,405,418,0.7,52,55,0.1,353,363,0.6,36,37,0.1,0,0,0.0,30,30,0.1,270,512,0.5,1,1,0.0,0,0,0.0,2496,2506,4.2,2468,2478,4.1,28,28,0.0,1,1,0.0,1,1,0.0,0,0,0.0,10568,10578,17.6,10568,10578,17.6,0,0,0.0,1038,1052,1.7,1037,1051,1.7,1,1,0.0,33182,33678,55.4
STATES:,15,Manipur,0,0,0.0,2,2,0.1,1,1,0.1,0,0,0.0,0,0,0.0,0,0,0.0,18,19,1.1,44,45,2.8,2,2,0.1,0,0,0.0,0,0,0.0,21,21,1.3,18,18,1.1,3,3,0.2,17,18,1.1,0,0,0.0,4,4,0.3,1,1,0.1,0,0,0.0,0,0,0.0,26,26,1.6,26,26,1.6,0,0,0.0,0,0,0.0,0,0,0.0,0,0,0.0,92,94,5.8,91,93,5.8,1,1,0.1,16,16,1.0,16,16,1.0,0,0,0.0,200,204,12.7
STATES:,16,Meghalaya,4,4,0.2,0,0,0.0,1,1,0.1,1,1,0.1,0,0,0.0,0,0,0.0,21,21,1.3,42,45,2.6,15,15,0.9,0,0,0.0,1,1,0.1,9,12,0.5,9,12,0.5,0,0,0.0,17,17,1.0,0,0,0.0,0,0,0.0,1,2,0.1,0,0,0.0,0,0,0.0,75,75,4.6,74,74,4.5,1,1,0.1,26,26,1.6,23,23,1.4,3,3,0.2,92,92,5.6,92,92,5.6,0,0,0.0,24,25,1.5,24,25,1.5,0,0,0.0,287,292,17.5
STATES:,17,Mizoram,0,0,0.0,0,0,0.0,0,0,0.0,0,0,0.0,0,0,0.0,0,0,0.0,11,11,1.8,0,0,0.0,0,0,0.0,0,0,0.0,0,0,0.0,0,0,0.0,0,0,0.0,0,0,0.0,0,0,0.0,0,0,0.0,0,0,0.0,0,0,0.0,0,0,0.0,0,0,0.0,26,26,4.3,24,24,4.0,2,2,0.3,0,0,0.0,0,0,0.0,0,0,0.0,31,31,5.1,31,31,5.1,0,0,0.0,0,0,0.0,0,0,0.0,0,0,0.0,68,68,11.3
STATES:,18,Nagaland,0,0,0.0,0,0,0.0,0,0,0.0,0,0,0.0,0,0,0.0,0,0,0.0,2,2,0.2,5,5,0.5,5,5,0.5,0,0,0.0,0,0,0.0,0,0,0.0,0,0,0.0,0,0,0.0,0,0,0.0,0,0,0.0,0,0,0.0,0,0,0.0,0,0,0.0,0,0,0.0,4,4,0.4,4,4,0.4,0,0,0.0,0,0,0.0,0,0,0.0,0,0,0.0,11,11,1.0,11,11,1.0,0,0,0.0,1,1,0.1,1,1,0.1,0,0,0.0,23,23,2.2
STATES:,19,Odisha,12,12,0.1,293,293,1.3,27,27,0.1,2,2,0.0,3,3,0.0,0,0,0.0,4889,5488,21.5,5175,5178,22.8,4949,4952,21.8,0,0,0.0,0,0,0.0,215,215,0.9,165,165,0.7,50,50,0.2,7,7,0.0,0,0,0.0,4,4,0.0,93,96,0.4,0,0,0.0,0,0,0.0,1456,1456,6.4,1456,1456,6.4,0,0,0.0,151,151,0.7,151,151,0.7,0,0,0.0,14853,14891,65.3,14853,14891,65.3,0,0,0.0,838,838,3.7,838,838,3.7,0,0,0.0,27792,28435,122.2
STATES:,20,Punjab,4,4,0.0,69,69,0.5,190,195,1.3,3,3,0.0,3,3,0.0,1,1,0.0,1714,1715,11.9,1616,1622,11.2,11,11,0.1,1,1,0.0,0,0,0.0,1571,1576,10.9,204,204,1.4,1367,1372,9.5,7,7,0.0,0,0,0.0,26,27,0.2,2,2,0.0,0,0,0.0,0,0,0.0,464,508,3.2,454,498,3.1,10,10,0.1,60,60,0.4,36,36,0.2,24,24,0.2,678,688,4.7,632,642,4.4,46,46,0.3,39,39,0.3,39,39,0.3,0,0,0.0,4843,4909,33.6
STATES:,21,Rajasthan,14,14,0.0,452,454,1.2,193,193,0.5,1,1,0.0,3,3,0.0,1,1,0.0,16949,16973,43.8,5964,5986,15.4,2760,2773,7.1,1,1,0.0,5,5,0.0,975,975,2.5,749,749,1.9,226,226,0.6,6,6,0.0,0,0,0.0,2217,2226,5.7,3,3,0.0,0,0,0.0,0,0,0.0,6337,6342,16.4,4885,4889,12.6,1452,1453,3.8,987,988,2.6,938,938,2.4,49,50,0.1,9079,9084,23.5,8055,8060,20.8,1024,1024,2.6,73,73,0.2,62,62,0.2,11,11,0.0,40056,40115,103.6
STATES:,22,Sikkim,1,1,0.3,0,0,0.0,2,2,0.6,0,0,0.0,0,0,0.0,0,0,0.0,3,3,0.9,1,1,0.3,0,0,0.0,0,0,0.0,0,0,0.0,1,1,0.3,0,0,0.0,1,1,0.3,0,0,0.0,0,0,0.0,0,0,0.0,0,0,0.0,0,0,0.0,0,0,0.0,8,8,2.5,8,8,2.5,0,0,0.0,0,0,0.0,0,0,0.0,0,0,0.0,17,17,5.3,17,17,5.3,0,0,0.0,0,0,0.0,0,0,0.0,0,0,0.0,32,32,10.0
STATES:,23,Tamil Nadu,5,5,0.0,27,27,0.1,244,250,0.6,3,3,0.0,1,1,0.0,2,2,0.0,875,875,2.3,638,653,1.7,65,68,0.2,1,1,0.0,4,5,0.0,506,517,1.3,365,372,1.0,141,145,0.4,47,47,0.1,0,0,0.0,15,15,0.0,1,1,0.0,0,0,0.0,0,0,0.0,422,422,1.1,422,422,1.1,0,0,0.0,20,20,0.1,20,20,0.1,0,0,0.0,1077,1077,2.8,1077,1077,2.8,0,0,0.0,32,32,0.1,32,32,0.1,0,0,0.0,3347,3368,8.7
STATES:,24,Telangana,12,12,0.1,175,175,0.9,403,408,2.1,1,1,0.0,1,1,0.0,1,1,0.0,9468,9468,50.4,1934,1967,10.3,1488,1521,7.9,0,0,0.0,1,1,0.0,330,330,1.8,30,30,0.2,300,300,1.6,59,59,0.3,1,1,0.0,55,55,0.3,115,213,0.6,0,0,0.0,0,0,0.0,823,823,4.4,823,823,4.4,0,0,0.0,36,36,0.2,31,31,0.2,5,5,0.0,4365,4388,23.3,4263,4282,22.7,102,106,0.5,775,785,4.1,769,779,4.1,6,6,0.0,18109,18278,96.5
STATES:,25,Tripura,1,1,0.0,22,22,1.1,17,17,0.8,0,0,0.0,0,0,0.0,0,0,0.0,355,355,17.7,115,115,5.7,42,42,2.1,0,0,0.0,0,0,0.0,44,44,2.2,10,10,0.5,34,34,1.7,24,24,1.2,0,0,0.0,5,5,0.2,1,1,0.0,0,0,0.0,0,0,0.0,61,61,3.0,61,61,3.0,0,0,0.0,14,14,0.7,14,14,0.7,0,0,0.0,94,94,4.7,94,94,4.7,0,0,0.0,1,1,0.0,1,1,0.0,0,0,0.0,681,681,34.0
STATES:,26,Uttar Pradesh,48,48,0.0,2222,2235,2.0,376,378,0.3,63,63,0.1,18,21,0.0,5,5,0.0,18375,18383,16.6,10574,10695,9.5,1933,1962,1.7,40,53,0.0,2,3,0.0,8599,8677,7.7,5084,5162,4.6,3515,3515,3.2,0,0,0.0,0,0,0.0,0,0,0.0,6,9,0.0,0,0,0.0,1,1,0.0,2845,2845,2.6,2589,2589,2.3,256,256,0.2,277,278,0.2,261,262,0.2,16,16,0.0,9393,9703,8.5,8078,8334,7.3,1315,1369,1.2,27,27,0.0,26,26,0.0,1,1,0.0,44230,44691,39.9
STATES:,27,Uttarakhand,0,0,0.0,72,72,1.3,12,12,0.2,1,1,0.0,2,2,0.0,1,1,0.0,519,719,9.3,402,403,7.2,57,58,1.0,0,0,0.0,0,0,0.0,200,200,3.6,195,195,3.5,5,5,0.1,0,0,0.0,0,0,0.0,145,145,2.6,1,1,0.0,2,2,0.0,0,0,0.0,534,534,9.6,534,534,9.6,0,0,0.0,33,33,0.6,28,28,0.5,5,5,0.1,655,655,11.7,606,606,10.9,49,49,0.9,13,13,0.2,13,13,0.2,0,0,0.0,2247,2448,40.3
STATES:,28,West Bengal,5,5,0.0,454,471,0.9,456,461,0.9,24,24,0.0,30,30,0.1,11,11,0.0,19952,20052,41.5,7376,7403,15.3,4280,4288,8.9,12,12,0.0,16,16,0.0,506,508,1.1,87,89,0.2,419,419,0.9,20,20,0.0,1,1,0.0,2541,2558,5.3,30,49,0.1,2,2,0.0,0,0,0.0,1123,1123,2.3,1123,1123,2.3,0,0,0.0,875,882,1.8,875,882,1.8,0,0,0.0,2485,2485,5.2,2485,2485,5.2,0,0,0.0,424,424,0.9,424,424,0.9,0,0,0.0,33247,33422,69.1
STATES:,,TOTAL STATE(S),278,287,0.0,6589,6628,1.0,5214,5308,0.8,193,193,0.0,93,98,0.0,44,44,0.0,130873,132580,20.3,70238,71040,10.9,32185,32566,5.0,87,103,0.0,65,68,0.0,27552,27762,4.3,15271,15434,2.4,12281,12328,1.9,2565,2697,0.4,2,2,0.0,7782,7842,1.2,887,1458,0.1,12,15,0.0,2,2,0.0,30016,30216,4.6,27032,27227,4.2,2984,2989,0.5,3778,3789,0.6,3596,3606,0.6,182,183,0.0,85168,86631,13.2,81323,82708,12.6,3845,3923,0.6,7346,7444,1.1,7259,7355,1.1,87,89,0.0,340731,345733,52.7
UNION TERRITORIES:,29,A&N Islands,0,0,0.0,1,1,0.5,3,3,1.6,0,0,0.0,0,0,0.0,0,0,0.0,4,4,2.1,0,0,0.0,0,0,0.0,0,0,0.0,0,0,0.0,0,0,0.0,0,0,0.0,0,0,0.0,0,0,0.0,0,0,0.0,0,0,0.0,0,0,0.0,0,0,0.0,0,0,0.0,15,15,7.9,15,15,7.9,0,0,0.0,2,2,1.1,2,2,1.1,0,0,0.0,32,32,16.9,32,32,16.9,0,0,0.0,4,4,2.1,4,4,2.1,0,0,0.0,61,61,32.3
UNION TERRITORIES:,30,Chandigarh,1,1,0.2,4,4,0.7,1,1,0.2,0,0,0.0,0,0,0.0,0,0,0.0,95,95,17.1,120,120,21.6,101,101,18.2,0,0,0.0,0,0,0.0,12,12,2.2,4,4,0.7,8,8,1.4,0,0,0.0,0,0,0.0,7,7,1.3,1,1,0.2,0,0,0.0,0,0,0.0,74,74,13.3,28,28,5.0,46,46,8.3,0,0,0.0,0,0,0.0,0,0,0.0,37,37,6.7,25,25,4.5,12,12,2.2,6,6,1.1,6,6,1.1,0,0,0.0,339,339,61.0
UNION TERRITORIES:,31,D&N Haveli and Daman & Diu,3,3,0.8,0,0,0.0,0,0,0.0,0,0,0.0,0,0,0.0,0,0,0.0,6,6,1.5,23,23,5.9,23,23,5.9,0,0,0.0,0,0,0.0,0,0,0.0,0,0,0.0,0,0,0.0,0,0,0.0,0,0,0.0,0,0,0.0,0,0,0.0,0,0,0.0,0,0,0.0,3,3,0.8,3,3,0.8,0,0,0.0,0,0,0.0,0,0,0.0,0,0,0.0,7,7,1.8,7,7,1.8,0,0,0.0,0,0,0.0,0,0,0.0,0,0,0.0,42,42,10.7
UNION TERRITORIES:,32,Delhi,2,2,0.0,141,144,1.5,40,40,0.4,3,3,0.0,8,8,0.1,2,2,0.0,4731,4746,48.9,4083,4171,42.2,3755,3836,38.8,1,1,0.0,0,0,0.0,1,1,0.0,0,0,0.0,1,1,0.0,1,1,0.0,0,0,0.0,325,332,3.4,24,119,0.2,0,0,0.0,0,0,0.0,1250,1251,12.9,1250,1251,12.9,0,0,0.0,6,6,0.1,4,4,0.0,2,2,0.0,2068,2080,21.4,2068,2080,21.4,0,0,0.0,417,417,4.3,417,417,4.3,0,0,0.0,12775,12989,132.1
UNION TERRITORIES:,33,Jammu & Kashmir,0,0,0.0,16,16,0.3,28,28,0.4,0,0,0.0,1,1,0.0,2,2,0.0,501,501,7.8,904,908,14.1,341,345,5.3,2,2,0.0,0,0,0.0,447,447,7.0,437,437,6.8,10,10,0.2,0,0,0.0,0,0,0.0,114,114,1.8,2,2,0.0,0,0,0.0,0,0,0.0,315,315,4.9,313,313,4.9,2,2,0.0,14,14,0.2,14,14,0.2,0,0,0.0,1851,1851,28.9,1851,1851,28.9,0,0,0.0,10,10,0.2,10,10,0.2,0,0,0.0,3644,3648,57.0
UNION TERRITORIES:,34,Ladakh,0,0,0.0,0,0,0.0,0,0,0.0,0,0,0.0,0,0,0.0,0,0,0.0,9,9,6.9,1,1,0.8,1,1,0.8,0,0,0.0,0,0,0.0,0,0,0.0,0,0,0.0,0,0,0.0,0,0,0.0,0,0,0.0,0,0,0.0,0,0,0.0,0,0,0.0,0,0,0.0,2,2,1.5,1,1,0.8,1,1,0.8,0,0,0.0,0,0,0.0,0,0,0.0,5,5,3.8,5,5,3.8,0,0,0.0,1,1,0.8,1,1,0.8,0,0,0.0,18,18,13.8
UNION TERRITORIES:,35,Lakshadweep,0,0,0.0,0,0,0.0,0,0,0.0,0,0,0.0,0,0,0.0,0,0,0.0,3,3,9.1,0,0,0.0,0,0,0.0,0,0,0.0,0,0,0.0,0,0,0.0,0,0,0.0,0,0,0.0,0,0,0.0,0,0,0.0,0,0,0.0,0,0,0.0,0,0,0.0,0,0,0.0,0,0,0.0,0,0,0.0,0,0,0.0,0,0,0.0,0,0,0.0,0,0,0.0,1,1,3.0,1,1,3.0,0,0,0.0,1,1,3.0,1,1,3.0,0,0,0.0,5,5,15.2
UNION TERRITORIES:,36,Puducherry,0,0,0.0,2,2,0.2,6,6,0.7,0,0,0.0,0,0,0.0,0,0,0.0,12,12,1.5,0,0,0.0,0,0,0.0,0,0,0.0,0,0,0.0,0,0,0.0,0,0,0.0,0,0,0.0,0,0,0.0,0,0,0.0,0,0,0.0,0,0,0.0,0,0,0.0,0,0,0.0,2,2,0.2,2,2,0.2,0,0,0.0,0,0,0.0,0,0,0.0,0,0,0.0,31,31,3.8,31,31,3.8,0,0,0.0,3,3,0.4,3,3,0.4,0,0,0.0,56,56,6.8
UNION TERRITORIES:,,TOTAL UT(S),6,6,0.0,164,167,0.9,78,78,0.4,3,3,0.0,9,9,0.0,4,4,0.0,5361,5376,29.5,5131,5223,28.2,4221,4306,23.2,3,3,0.0,0,0,0.0,460,460,2.5,441,441,2.4,19,19,0.1,1,1,0.0,0,0,0.0,446,453,2.5,27,122,0.1,0,0,0.0,0,0,0.0,1661,1662,9.1,1612,1613,8.9,49,49,0.3,22,22,0.1,20,20,0.1,2,2,0.0,4032,4044,22.2,4020,4032,22.1,12,12,0.1,442,442,2.4,442,442,2.4,0,0,0.0,16940,17158,93.1
UNION TERRITORIES:,,TOTAL ALL INDIA,284,293,0.0,6753,6795,1.0,5292,5386,0.8,196,196,0.0,102,107,0.0,48,48,0.0,136234,137956,20.5,75369,76263,11.3,36406,36872,5.5,90,106,0.0,65,68,0.0,28012,28222,4.2,15712,15875,2.4,12300,12347,1.9,2566,2698,0.4,2,2,0.0,8228,8295,1.2,914,1580,0.1,12,15,0.0,2,2,0.0,31677,31878,4.8,28644,28840,4.3,3033,3038,0.5,3800,3811,0.6,3616,3626,0.5,184,185,0.0,89200,90675,13.4,85343,86740,12.8,3857,3935,0.6,7788,7886,1.2,7701,7797,1.2,87,89,0.0,357671,362891,53.8
