section,sl_no,State/UT,"Dowry Prohibition Act, 1961 | I","Dowry Prohibition Act, 1961 | V","Dowry Prohibition Act, 1961 | R","Immoral Traffic (Prevention) Act, 1956 (Women Victims cases only) | Immoral Traffic (Prevention) Act, 1956 (Total) | I","Immoral Traffic (Prevention) Act, 1956 (Women Victims cases only) | Immoral Traffic (Prevention) Act, 1956 (Total) | V","Immoral Traffic (Prevention) Act, 1956 (Women Victims cases only) | Immoral Traffic (Prevention) Act, 1956 (Total) | R","Immoral Traffic (Prevention) Act, 1956 (Women Victims cases only) | A) Procuring, including Children, for the same of prostitution (Section | I","Immoral Traffic (Prevention) Act, 1956 (Women Victims cases only) | A) Procuring, including Children, for the same of prostitution (Section | V","Immoral Traffic (Prevention) Act, 1956 (Women Victims cases only) | A) Procuring, including Children, for the same of prostitution (Section | R","Immoral Traffic (Prevention) Act, 1956 (Women Victims cases only) | B) Detaining person in premises where prostitution is carried on (Section 6) | I","Immoral Traffic (Prevention) Act, 1956 (Women Victims cases only) | B) Detaining person in premises where prostitution is carried on (Section 6) | V","Immoral Traffic (Prevention) Act, 1956 (Women Victims cases only) | B) Detaining person in premises where prostitution is carried on (Section 6) | R","Immoral Traffic (Prevention) Act, 1956 (Women Victims cases only) | C) Prostitution in or in the vicinity of public places (Section | I","Immoral Traffic (Prevention) Act, 1956 (Women Victims cases only) | C) Prostitution in or in the vicinity of public places (Section | V","Immoral Traffic (Prevention) Act, 1956 (Women Victims cases only) | C) Prostitution in or in the vicinity of public places (Section | R","Immoral Traffic (Prevention) Act, 1956 (Women Victims cases only) | D) Seducing or soliciting for purpose of prostitution (Section | I","Immoral Traffic (Prevention) Act, 1956 (Women Victims cases only) | D) Seducing or soliciting for purpose of prostitution (Section | V","Immoral Traffic (Prevention) Act, 1956 (Women Victims cases only) | D) Seducing or soliciting for purpose of prostitution (Section | R","Immoral Traffic (Prevention) Act, 1956 (Women Victims cases only) | E) Other Sections under ITP Act | I","Immoral Traffic (Prevention) Act, 1956 (Women Victims cases only) | E) Other Sections under ITP Act | V","Immoral Traffic (Prevention) Act, 1956 (Women Victims cases only) | E) Other Sections under ITP Act | R",Protection of Women from Domestic Violence Act | I,Protection of Women from Domestic Violence Act | V,Protection of Women from Domestic Violence Act | R,Cyber Crimes/Information Technology Act (Women Centric Crimes only) | Cyber Crimes/Information Technology Act (Women Centric Crimes only) (Total) | I,Cyber Crimes/Information Technology Act (Women Centric Crimes only) | Cyber Crimes/Information Technology Act (Women Centric Crimes only) (Total) | V,Cyber Crimes/Information Technology Act (Women Centric Crimes only) | Cyber Crimes/Information Technology Act (Women Centric Crimes only) (Total) | R,Cyber Crimes/Information Technology Act (Women Centric Crimes only) | A) Publishing or Transmitting of Sexually Explicit Material (Sec. 67A/67B (Girls) IT Act) | I,Cyber Crimes/Information Technology Act (Women Centric Crimes only) | A) Publishing or Transmitting of Sexually Explicit Material (Sec. 67A/67B (Girls) IT Act) | V,Cyber Crimes/Information Technology Act (Women Centric Crimes only) | A) Publishing or Transmitting of Sexually Explicit Material (Sec. 67A/67B (Girls) IT Act) | R,Cyber Crimes/Information Technology Act (Women Centric Crimes only) | B) Other Women Centric Cyber Crimes (Ex. Blackmailing/ Defamation/Morphing/ Fake Profile) | I,Cyber Crimes/Information Technology Act (Women Centric Crimes only) | B) Other Women Centric Cyber Crimes (Ex. Blackmailing/ Defamation/Morphing/ Fake Profile) | V,Cyber Crimes/Information Technology Act (Women Centric Crimes only) | B) Other Women Centric Cyber Crimes (Ex. Blackmailing/ Defamation/Morphing/ Fake Profile) | R,Protection of Children from Sexual Offences Act (Girl Child Victims only) | Protection of Children from Sexual Offences Act (Total) | I,Protection of Children from Sexual Offences Act (Girl Child Victims only) | Protection of Children from Sexual Offences Act (Total) | V,Protection of Children from Sexual Offences Act (Girl Child Victims only) | Protection of Children from Sexual Offences Act (Total) | R,Protection of Children from Sexual Offences Act (Girl Child Victims only) | A) Child Rape (Sec 4 & 6 of POCSO Act/ Sec 376 IPC) | I,Protection of Children from Sexual Offences Act (Girl Child Victims only) | A) Child Rape (Sec 4 & 6 of POCSO Act/ Sec 376 IPC) | V,Protection of Children from Sexual Offences Act (Girl Child Victims only) | A) Child Rape (Sec 4 & 6 of POCSO Act/ Sec 376 IPC) | R,Protection of Children from Sexual Offences Act (Girl Child Victims only) | B) Sexual Assault of Children (Sec.8 & 10 of POCSO Act) / Sec. 354 IPC) | I,Protection of Children from Sexual Offences Act (Girl Child Victims only) | B) Sexual Assault of Children (Sec.8 & 10 of POCSO Act) / Sec. 354 IPC) | V,Protection of Children from Sexual Offences Act (Girl Child Victims only) | B) Sexual Assault of Children (Sec.8 & 10 of POCSO Act) / Sec. 354 IPC) | R,Protection of Children from Sexual Offences Act (Girl Child Victims only) | C) Sexual Harassment (Sec. 12 of POCSO Act) / Sec. 509 IPC) | I,Protection of Children from Sexual Offences Act (Girl Child Victims only) | C) Sexual Harassment (Sec. 12 of POCSO Act) / Sec. 509 IPC) | V,Protection of Children from Sexual Offences Act (Girl Child Victims only) | C) Sexual Harassment (Sec. 12 of POCSO Act) / Sec. 509 IPC) | R,Protection of Children from Sexual Offences Act (Girl Child Victims only) | D) Use of Child for Pornography/ Storing Child Pornography Material (Sec 14 & 15 of POCSO Act) | I,Protection of Children from Sexual Offences Act (Girl Child Victims only) | D) Use of Child for Pornography/ Storing Child Pornography Material (Sec 14 & 15 of POCSO Act) | V,Protection of Children from Sexual Offences Act (Girl Child Victims only) | D) Use of Child for Pornography/ Storing Child Pornography Material (Sec 14 & 15 of POCSO Act) | R,Protection of Children from Sexual Offences Act (Girl Child Victims only) | E) POCSO Act (Sections 17 to 22) / Other offences of POCSO Act | I,Protection of Children from Sexual Offences Act (Girl Child Victims only) | E) POCSO Act (Sections 17 to 22) / Other offences of POCSO Act | V,Protection of Children from Sexual Offences Act (Girl Child Victims only) | E) POCSO Act (Sections 17 to 22) / Other offences of POCSO Act | R,Protection of Children from Sexual Offences Act (Girl Child Victims only) | F) POCSO Act r/w Section 377 IPC / Unnatural Offences | I,Protection of Children from Sexual Offences Act (Girl Child Victims only) | F) POCSO Act r/w Section 377 IPC / Unnatural Offences | V,Protection of Children from Sexual Offences Act (Girl Child Victims only) | F) POCSO Act r/w Section 377 IPC / Unnatural Offences | R,"Indecent Representation of Women (Prohibition) Act, | I","Indecent Representation of Women (Prohibition) Act, | V","Indecent Representation of Women (Prohibition) Act, | R",Total SLL Crimes against Women | I,Total SLL Crimes against Women | V,Total SLL Crimes against Women | R,Total Crime against Women (IPC+SLL) | I,Total Crime against Women (IPC+SLL) | V,Total Crime against Women (IPC+SLL) | R
STATES:,1,Andhra Pradesh,11,11,0.0,70,98,0.3,24,34,0.1,0,0,0.0,7,11,0.0,1,2,0.0,38,51,0.1,1,2,0.0,73,74,0.3,43,43,0.2,30,31,0.1,466,468,1.8,289,291,1.1,82,82,0.3,79,79,0.3,10,10,0.0,4,4,0.0,2,2,0.0,0,0,0.0,621,653,2.4,17752,18481,67.2
STATES:,2,Arunachal Pradesh,0,0,0.0,0,0,0.0,0,0,0.0,0,0,0.0,0,0,0.0,0,0,0.0,0,0,0.0,1,1,0.1,5,7,0.7,5,7,0.7,0,0,0.0,21,21,2.8,16,16,2.1,4,4,0.5,0,0,0.0,1,1,0.1,0,0,0.0,0,0,0.0,0,0,0.0,27,29,3.6,366,370,49.1
STATES:,3,Assam,582,585,3.4,22,23,0.1,3,3,0.0,0,0,0.0,0,0,0.0,0,0,0.0,19,20,0.1,1,1,0.0,432,458,2.5,228,237,1.3,204,221,1.2,1925,1948,11.2,1310,1317,7.6,422,424,2.4,144,158,0.8,34,34,0.2,14,14,0.1,1,1,0.0,0,0,0.0,2962,3015,17.2,29046,29470,168.3
STATES:,4,Bihar,3362,3367,5.7,32,81,0.1,18,40,0.0,7,9,0.0,4,7,0.0,0,0,0.0,3,25,0.0,0,0,0.0,5,5,0.0,5,5,0.0,0,0,0.0,1561,1561,2.6,654,654,1.1,738,738,1.2,34,34,0.1,135,135,0.2,0,0,0.0,0,0,0.0,0,0,0.0,4960,5014,8.4,17950,18060,30.2
STATES:,5,Chhattisgarh,8,8,0.1,3,7,0.0,2,6,0.0,0,0,0.0,0,0,0.0,0,0,0.0,1,1,0.0,1,1,0.0,91,91,0.6,86,86,0.6,5,5,0.0,2321,2349,15.7,1808,1808,12.3,456,484,3.1,30,30,0.2,4,4,0.0,22,22,0.1,1,1,0.0,1,1,0.0,2425,2457,16.4,7344,7415,49.8
STATES:,6,Goa,0,0,0.0,1,1,0.1,1,1,0.1,0,0,0.0,0,0,0.0,0,0,0.0,0,0,0.0,0,0,0.0,3,4,0.4,3,4,0.4,0,0,0.0,0,0,0.0,0,0,0.0,0,0,0.0,0,0,0.0,0,0,0.0,0,0,0.0,0,0,0.0,0,0,0.0,4,5,0.5,224,258,28.9
STATES:,7,Gujarat,3,3,0.0,38,49,0.1,1,2,0.0,27,29,0.1,7,9,0.0,0,0,0.0,3,9,0.0,0,0,0.0,44,44,0.1,37,37,0.1,7,7,0.0,2424,2434,7.3,2060,2069,6.2,239,240,0.7,71,71,0.2,16,16,0.0,34,34,0.1,4,4,0.0,0,0,0.0,2509,2530,7.5,7348,7422,22.1
STATES:,8,Haryana,18,18,0.1,28,45,0.2,4,4,0.0,1,1,0.0,9,26,0.1,0,0,0.0,14,14,0.1,3,3,0.0,98,98,0.7,91,91,0.7,7,7,0.1,2150,2166,15.4,1234,1235,8.9,654,666,4.7,227,230,1.6,3,3,0.0,32,32,0.2,0,0,0.0,0,0,0.0,2297,2330,16.5,16658,16826,119.7
STATES:,9,Himachal Pradesh,0,0,0.0,6,6,0.2,3,3,0.1,1,1,0.0,0,0,0.0,0,0,0.0,2,2,0.1,1,1,0.0,23,24,0.6,15,16,0.4,8,8,0.2,8,8,0.2,0,0,0.0,8,8,0.2,0,0,0.0,0,0,0.0,0,0,0.0,0,0,0.0,0,0,0.0,38,39,1.0,1599,1614,43.8
STATES:,10,Jharkhand,1805,1805,9.6,3,3,0.0,0,0,0.0,0,0,0.0,0,0,0.0,0,0,0.0,3,3,0.0,82,82,0.4,21,22,0.1,13,13,0.1,8,9,0.0,792,792,4.2,569,569,3.0,117,117,0.6,39,39,0.2,50,50,0.3,16,16,0.1,1,1,0.0,8,8,0.0,2711,2712,14.4,8110,8121,43.0
STATES:,11,Karnataka,1845,1887,5.6,190,381,0.6,30,50,0.1,85,188,0.3,48,95,0.1,6,10,0.0,21,38,0.1,0,0,0.0,172,197,0.5,171,196,0.5,1,1,0.0,2796,2817,8.5,2090,2093,6.3,427,443,1.3,249,251,0.8,13,13,0.0,17,17,0.1,0,0,0.0,1,1,0.0,5004,5283,15.2,14468,15746,43.8
STATES:,12,Kerala,39,39,0.2,5,5,0.0,0,0,0.0,0,0,0.0,1,1,0.0,0,0,0.0,4,4,0.0,270,272,1.5,177,177,1.0,164,164,0.9,13,13,0.1,2374,2402,12.9,1568,1584,8.5,611,619,3.3,155,157,0.8,29,31,0.2,5,5,0.0,6,6,0.0,2,2,0.0,2867,2897,15.5,13539,13761,73.3
STATES:,13,Madhya Pradesh,44,44,0.1,15,39,0.0,12,36,0.0,1,1,0.0,1,1,0.0,0,0,0.0,1,1,0.0,131,131,0.3,63,63,0.2,51,51,0.1,12,12,0.0,6012,6027,14.6,3512,3522,8.5,2381,2386,5.8,82,82,0.2,21,21,0.1,15,15,0.0,1,1,0.0,0,0,0.0,6265,6304,15.3,30673,30813,74.7
STATES:,14,Maharashtra,40,40,0.1,95,162,0.2,34,83,0.1,11,11,0.0,21,25,0.0,18,18,0.0,11,25,0.0,5,5,0.0,88,89,0.1,61,62,0.1,27,27,0.0,6116,6219,10.2,3458,3480,5.8,2377,2454,4.0,249,253,0.4,16,16,0.0,14,14,0.0,2,2,0.0,0,0,0.0,6344,6515,10.6,39526,40193,66.0
STATES:,15,Manipur,0,0,0.0,0,0,0.0,0,0,0.0,0,0,0.0,0,0,0.0,0,0,0.0,0,0,0.0,2,2,0.1,3,3,0.2,2,2,0.1,1,1,0.1,96,100,6.1,75,79,4.7,16,16,1.0,1,1,0.1,0,0,0.0,4,4,0.3,0,0,0.0,1,1,0.1,102,106,6.5,302,310,19.1
STATES:,16,Meghalaya,0,0,0.0,3,3,0.2,0,0,0.0,0,0,0.0,2,2,0.1,0,0,0.0,1,1,0.1,0,0,0.0,11,13,0.7,9,11,0.5,2,2,0.1,384,389,23.4,290,293,17.6,78,79,4.7,6,6,0.4,5,5,0.3,5,6,0.3,0,0,0.0,0,0,0.0,398,405,24.2,685,697,41.7
STATES:,17,Mizoram,0,0,0.0,0,0,0.0,0,0,0.0,0,0,0.0,0,0,0.0,0,0,0.0,0,0,0.0,1,1,0.2,5,9,0.8,2,2,0.3,3,7,0.5,102,103,16.9,65,65,10.8,34,35,5.6,2,2,0.3,0,0,0.0,1,1,0.2,0,0,0.0,0,0,0.0,108,113,17.9,176,181,29.1
STATES:,18,Nagaland,0,0,0.0,0,0,0.0,0,0,0.0,0,0,0.0,0,0,0.0,0,0,0.0,0,0,0.0,0,0,0.0,0,0,0.0,0,0,0.0,0,0,0.0,31,33,2.9,25,25,2.4,6,8,0.6,0,0,0.0,0,0,0.0,0,0,0.0,0,0,0.0,0,0,0.0,31,33,2.9,54,56,5.1
STATES:,19,Odisha,465,465,2.0,31,32,0.1,0,0,0.0,0,0,0.0,0,0,0.0,10,10,0.0,21,22,0.1,0,0,0.0,565,565,2.5,301,301,1.3,264,264,1.2,2496,2496,11.0,1871,1871,8.2,585,585,2.6,17,17,0.1,18,18,0.1,5,5,0.0,0,0,0.0,3,3,0.0,3560,3561,15.7,31352,31996,137.8
STATES:,20,Punjab,14,61,0.1,12,13,0.1,1,2,0.0,0,0,0.0,10,10,0.1,0,0,0.0,1,1,0.0,0,0,0.0,70,71,0.5,55,56,0.4,15,15,0.1,723,725,5.0,599,601,4.2,121,121,0.8,3,3,0.0,0,0,0.0,0,0,0.0,0,0,0.0,0,0,0.0,819,870,5.7,5662,5779,39.2
STATES:,21,Rajasthan,4,4,0.0,40,52,0.1,14,14,0.0,0,0,0.0,4,4,0.0,2,6,0.0,20,28,0.1,1,1,0.0,51,54,0.1,46,49,0.1,5,5,0.0,580,580,1.5,0,0,0.0,0,0,0.0,27,27,0.1,43,43,0.1,510,510,1.3,0,0,0.0,6,6,0.0,682,697,1.8,40738,40812,105.4
STATES:,22,Sikkim,0,0,0.0,0,0,0.0,0,0,0.0,0,0,0.0,0,0,0.0,0,0,0.0,0,0,0.0,0,0,0.0,0,0,0.0,0,0,0.0,0,0,0.0,98,102,30.6,75,77,23.4,21,23,6.6,2,2,0.6,0,0,0.0,0,0,0.0,0,0,0.0,0,0,0.0,98,102,30.6,130,134,40.6
STATES:,23,Tamil Nadu,281,281,0.7,381,623,1.0,175,199,0.5,69,164,0.2,20,54,0.1,6,7,0.0,111,199,0.3,1,1,0.0,75,75,0.2,67,67,0.2,8,8,0.0,4415,4503,11.5,3401,3435,8.9,722,744,1.9,221,240,0.6,46,46,0.1,25,38,0.1,0,0,0.0,1,1,0.0,5154,5484,13.5,8501,8852,22.2
STATES:,24,Telangana,5,5,0.0,12,19,0.1,1,1,0.0,0,0,0.0,0,0,0.0,0,0,0.0,11,18,0.1,0,0,0.0,47,47,0.3,14,14,0.1,33,33,0.2,2692,2717,14.3,1817,1835,9.7,810,817,4.3,40,40,0.2,24,24,0.1,1,1,0.0,0,0,0.0,0,0,0.0,2756,2788,14.7,20865,21066,111.2
STATES:,25,Tripura,0,0,0.0,0,0,0.0,0,0,0.0,0,0,0.0,0,0,0.0,0,0,0.0,0,0,0.0,0,0,0.0,1,1,0.0,1,1,0.0,0,0,0.0,124,126,6.2,91,93,4.5,32,32,1.6,1,1,0.0,0,0,0.0,0,0,0.0,0,0,0.0,1,1,0.0,126,128,6.3,807,809,40.2
STATES:,26,Uttar Pradesh,4594,4705,4.1,12,30,0.0,4,4,0.0,0,0,0.0,2,5,0.0,1,1,0.0,5,20,0.0,1,1,0.0,276,276,0.2,272,272,0.2,4,4,0.0,6970,7001,6.3,2747,2749,2.5,4063,4090,3.7,64,66,0.1,30,30,0.0,57,57,0.1,9,9,0.0,0,0,0.0,11853,12013,10.7,56083,56704,50.5
STATES:,27,Uttarakhand,414,414,7.4,17,17,0.3,0,0,0.0,0,0,0.0,0,0,0.0,0,0,0.0,17,17,0.3,0,0,0.0,64,66,1.1,31,33,0.6,33,33,0.6,689,689,12.4,593,593,10.6,87,87,1.6,7,7,0.1,0,0,0.0,2,2,0.0,0,0,0.0,0,0,0.0,1184,1186,21.2,3431,3634,61.5
STATES:,28,West Bengal,0,0,0.0,50,112,0.1,0,0,0.0,1,1,0.0,1,1,0.0,0,0,0.0,48,110,0.1,0,0,0.0,14,14,0.0,8,8,0.0,6,6,0.0,2569,2592,5.3,1575,1585,3.3,725,728,1.5,236,246,0.5,8,8,0.0,25,25,0.1,0,0,0.0,4,4,0.0,2637,2722,5.5,35884,36144,74.6
STATES:,,TOTAL STATE(S),13534,13742,2.1,1066,1801,0.2,327,482,0.1,203,405,0.0,137,251,0.0,44,54,0.0,355,609,0.1,502,505,0.1,2477,2547,0.4,1781,1828,0.3,696,719,0.1,50935,51368,7.9,31792,31939,4.9,15816,16030,2.4,1986,2042,0.3,506,508,0.1,808,822,0.1,27,27,0.0,28,28,0.0,68542,69991,10.6,409273,415724,63.3
UNION TERRITORIES:,29,A&N Islands,0,0,0.0,0,0,0.0,0,0,0.0,0,0,0.0,0,0,0.0,0,0,0.0,0,0,0.0,0,0,0.0,1,1,0.5,1,1,0.5,0,0,0.0,107,109,56.6,90,92,47.6,13,13,6.9,2,2,1.1,1,1,0.5,1,1,0.5,0,0,0.0,0,0,0.0,108,110,57.1,169,171,89.4
UNION TERRITORIES:,30,Chandigarh,1,1,0.2,0,0,0.0,0,0,0.0,0,0,0.0,0,0,0.0,0,0,0.0,0,0,0.0,0,0,0.0,2,2,0.4,2,2,0.4,0,0,0.0,1,1,0.2,0,0,0.0,1,1,0.2,0,0,0.0,0,0,0.0,0,0,0.0,0,0,0.0,0,0,0.0,4,4,0.7,343,343,61.7
UNION TERRITORIES:,31,D&N Haveli and Daman & Diu,0,0,0.0,0,0,0.0,0,0,0.0,0,0,0.0,0,0,0.0,0,0,0.0,0,0,0.0,0,0,0.0,4,4,1.0,4,4,1.0,0,0,0.0,53,53,13.5,47,47,12.0,3,3,0.8,3,3,0.8,0,0,0.0,0,0,0.0,0,0,0.0,0,0,0.0,57,57,14.5,99,99,25.3
UNION TERRITORIES:,32,Delhi,16,16,0.2,4,17,0.0,1,1,0.0,1,8,0.0,0,0,0.0,0,0,0.0,2,8,0.0,4,4,0.0,104,105,1.1,101,102,1.0,3,3,0.0,1374,1377,14.2,841,841,8.7,497,498,5.1,31,33,0.3,1,1,0.0,1,1,0.0,3,3,0.0,0,0,0.0,1502,1519,15.5,14277,14508,147.6
UNION TERRITORIES:,33,Jammu & Kashmir,4,4,0.1,1,1,0.0,0,0,0.0,0,0,0.0,0,0,0.0,0,0,0.0,1,1,0.0,1,1,0.0,9,9,0.1,7,7,0.1,2,2,0.0,278,279,4.3,209,209,3.3,50,51,0.8,1,1,0.0,18,18,0.3,0,0,0.0,0,0,0.0,0,0,0.0,293,294,4.6,3937,3942,61.6
UNION TERRITORIES:,34,Ladakh,0,0,0.0,0,0,0.0,0,0,0.0,0,0,0.0,0,0,0.0,0,0,0.0,0,0,0.0,0,0,0.0,0,0,0.0,0,0,0.0,0,0,0.0,0,0,0.0,0,0,0.0,0,0,0.0,0,0,0.0,0,0,0.0,0,0,0.0,0,0,0.0,0,0,0.0,0,0,0.0,18,18,13.8
UNION TERRITORIES:,35,Lakshadweep,0,0,0.0,0,0,0.0,0,0,0.0,0,0,0.0,0,0,0.0,0,0,0.0,0,0,0.0,0,0,0.0,0,0,0.0,0,0,0.0,0,0,0.0,4,4,12.1,2,2,6.1,2,2,6.1,0,0,0.0,0,0,0.0,0,0,0.0,0,0,0.0,0,0,0.0,4,4,12.1,9,9,27.3
UNION TERRITORIES:,36,Puducherry,13,13,1.6,0,0,0.0,0,0,0.0,0,0,0.0,0,0,0.0,0,0,0.0,0,0,0.0,0,0,0.0,0,0,0.0,0,0,0.0,0,0,0.0,84,85,10.2,55,56,6.7,19,19,2.3,9,9,1.1,0,0,0.0,0,0,0.0,1,1,0.1,0,0,0.0,97,98,11.7,153,154,18.5
UNION TERRITORIES:,,TOTAL UT(S),34,34,0.2,5,18,0.0,1,1,0.0,1,8,0.0,0,0,0.0,0,0,0.0,3,9,0.0,5,5,0.0,120,121,0.7,115,116,0.6,5,5,0.0,1901,1908,10.4,1244,1247,6.8,585,587,3.2,46,48,0.3,20,20,0.1,2,2,0.0,4,4,0.0,0,0,0.0,2065,2086,11.3,19005,19244,104.5
UNION TERRITORIES:,,TOTAL ALL INDIA,13568,13776,2.0,1071,1819,0.2,328,483,0.0,204,413,0.0,137,251,0.0,44,54,0.0,358,618,0.1,507,510,0.1,2597,2668,0.4,1896,1944,0.3,701,724,0.1,52836,53276,8.0,33036,33186,5.0,16401,16617,2.5,2032,2090,0.3,526,528,0.1,810,824,0.1,31,31,0.0,28,28,0.0,70607,72077,10.6,428278,434968,64.5
