section,sl_no,State/UT,2018,2019,2020,Mid‐Year Projected Population (in Lakhs) (2020),Rate of Cognizable Crimes (IPC) (2020),Chargesheeti ng Rate
STATES:,1,Andhra Pradesh,126635,119229,188997,526.0,359.3,89.1
STATES:,2,Arunachal Pradesh,2613,2590,2244,15.2,147.4,52.3
STATES:,3,Assam,112233,123512,111558,347.9,320.6,47.1
STATES:,4,Bihar,196911,197935,194698,1219.0,159.7,73.6
STATES:,5,Chhattisgarh,60178,61256,65216,292.4,223.1,81.8
STATES:,6,Goa,2740,2465,3393,15.5,218.5,83.9
STATES:,7,Gujarat,147574,139503,381849,691.7,552.0,97.1
STATES:,8,Haryana,108212,111323,103276,292.1,353.5,47.4
STATES:,9,Himachal Pradesh,14604,14480,14803,73.6,201.1,84.7
STATES:,10,Jharkhand,45287,50048,51033,381.2,133.9,66.7
STATES:,11,Karnataka,126534,120165,106350,665.0,159.9,78.8
STATES:,12,Kerala,186958,175810,149099,353.7,421.6,94.9
STATES:,13,Madhya Pradesh,248354,246470,283881,837.6,338.9,88.1
STATES:,14,Maharashtra,346291,341084,394017,1236.8,318.6,73.5
STATES:,15,Manipur,2869,2830,2349,31.4,74.8,18.5
STATES:,16,Meghalaya,2921,3125,2871,32.6,88.0,18.1
STATES:,17,Mizoram,1774,2379,1787,12.1,148.1,65.3
STATES:,18,Nagaland,1223,1117,1022,21.8,46.9,60.3
STATES:,19,Odisha,83769,96033,108533,454.7,238.7,70.9
STATES:,20,Punjab,41640,44697,49870,301.8,165.2,70.4
STATES:,21,Rajasthan,171889,225306,193279,786.1,245.9,54.2
STATES:,22,Sikkim,620,632,504,6.7,75.0,61.2
STATES:,23,Tamil Nadu,185912,168116,891700,761.7,1170.7,91.7
STATES:,24,Telangana,113951,118338,135885,375.4,362.0,83.9
STATES:,25,Tripura,5325,5336,4010,40.4,99.2,69.2
STATES:,26,Uttar Pradesh,342355,353131,355110,2289.3,155.1,76.9
STATES:,27,Uttarakhand,14739,12081,13812,113.1,122.1,78.8
STATES:,28,West Bengal,157610,157506,158060,977.2,161.7,89.4
STATES:,,TOTAL STATE(S),2851721,2896497,3969206,13151.8,301.8,79.6
UNION TERRITORIES :,29,A&N Islands,706,564,482,4.0,120.8,90.1
UNION TERRITORIES :,30,Chandigarh,3072,2819,2583,12.0,215.6,56.0
UNION TERRITORIES :,31,D&N Haveli and Daman & Diu@,574+,548+,441,10.4,42.5,71.5
UNION TERRITORIES :,32,Delhi,249012,299475,249192,203.2,1226.4,27.7
UNION TERRITORIES :,33,Jammu & Kashmir@,24216*,22404*,25233,133.4,189.2,81.1
UNION TERRITORIES :,34,Ladakh @ ‐ ‐,,,387,3.0,130.7,88.0
UNION TERRITORIES :,35,Lakshadweep,48,123,107,0.7,157.4,77.8
UNION TERRITORIES :,36,Puducherry,3606,3167,6725,15.5,434.2,57.1
UNION TERRITORIES :,,TOTAL UT(S),281234,329100,285150,382.1,746.3,32.5
UNION TERRITORIES :,,TOTAL ALL INDIA,3132955,3225597,4254356,13533.9,314.3,75.8
