section,sl_no,STATE,Rape,Kidnapping & Abduction,Dowry Deaths,Assault on women with intent to outrage her modesty,Insult to modesty of women,Cruelty by Husband or his Relatives,Importation of Girls from foreign country,Immoral Traffic (P) Act,Dowry Prohibition Act,Indecent Representation of Women(P) Act,Commission of Sati Prevention Act,Total Crimes Against Women
,1,Andhra Pradesh,1016,1030,512,3817,2310,8388,2,405,339,1102,0,18921
,2,Arunachal Pradesh,42,41,0,61,0,4,0,0,0,0,0,148
,3,Assam,1171,1552,74,883,11,1945,0,28,36,0,0,5700
,4,Bihar,1390,997,1029,704,13,2679,35,24,1220,0,0,8091
,5,Chhattisgarh,969,174,71,1661,131,741,0,9,7,0,0,3763
,6,Goa,37,10,2,23,15,17,0,28,0,0,0,132
,7,Gujarat,339,905,58,757,164,3955,0,33,0,0,0,6211
,8,Haryana,386,292,251,403,850,2026,0,62,6,0,0,4276
,9,Himachal Pradesh,153,99,8,284,16,252,0,4,5,2,0,823
,10,Jammu & Kashmir,218,632,9,990,264,82,0,11,2,0,0,2208
,11,Jharkhand,797,178,275,411,3,588,36,3,199,0,0,2490
,12,Karnataka,291,286,259,1435,57,1588,0,1170,337,0,0,5423
,13,Kerala,480,142,31,2260,133,3222,0,168,2,45,0,6483
,14,Madhya Pradesh,2875,584,751,6690,804,3436,0,23,40,0,0,15203
,15,Maharashtra,1388,787,314,2831,862,5646,0,309,21,11,0,12169
,16,Manipur,31,71,0,30,0,2,0,0,0,0,0,134
,17,Meghalaya,54,18,2,34,0,5,0,0,0,0,0,113
,18,Mizoram,20,0,0,66,0,0,0,5,0,0,0,91
,19,Nagaland,18,4,0,3,1,0,0,4,0,0,0,30
,20,Odisha,770,423,319,1811,170,1192,0,22,532,0,0,5239
,21,Punjab,390,311,113,261,38,801,0,32,7,2,0,1955
,22,Rajasthan,1038,1881,379,2825,41,6781,1,79,13,89,0,13127
,23,Sikkim,3,4,0,40,0,1,0,1,0,0,0,49
,24,Tamil Nadu,618,692,225,1861,1081,1437,0,3022,294,102,0,9332
,25,Tripura,160,54,20,134,0,302,0,0,0,0,0,670
,26,Uttar Pradesh,1397,2324,1708,1900,2682,4950,3,44,477,0,0,15485
,27,Uttarakhand,115,127,82,143,110,405,0,4,2,0,0,988
,28,West Bengal,1475,1018,396,1566,64,6334,12,121,36,25,0,11047
,,TOTAL STATE,17641,14636,6888,33884,9820,56779,89,5611,3575,1378,0,150301
,29,A&N Islands,10,3,0,6,3,5,0,0,0,0,0,27
,30,Chandigarh,19,43,6,20,18,73,0,9,0,0,0,188
,31,D&N Haveli,7,7,0,5,0,3,0,0,0,0,0,22
,32,Daman & Diu,1,0,0,1,0,4,0,1,0,0,0,7
,33,Delhi UT,551,881,126,601,130,1254,0,123,11,0,0,3677
,34,Lakshadweep,0,0,0,0,0,1,0,0,0,0,0,1
,35,Puducherry,4,8,6,50,30,2,0,4,6,0,0,110
,,TOTAL UT,592,942,138,683,181,1342,0,137,17,0,0,4032
,,TOTAL ALL INDIA,18233,15578,7026,34567,10001,58121,89,5748,3592,1378,0,154333
