section,sl_no,State/UT,Incidence of Total Cognizable Crimes,Percentage Contribution to All-India Total,Estimated mid- Year Population (In Lakhs)**,Rate of Total Cognizable Crimes
STATES:,1,ANDHRA PRADESH,192522,8.1,857.44,224.5
STATES:,2,ARUNACHAL PRADESH,2420,0.1,12.60,192.1
STATES:,3,ASSAM,77682,3.3,310.71,250.0
STATES:,4,BIHAR,146614,6.1,994.57,147.4
STATES:,5,CHHATTISGARH,54598,2.3,246.95,221.1
STATES:,6,GOA,3608,0.2,18.34,196.7
STATES:,7,GUJARAT,130121,5.5,600.62,216.6
STATES:,8,HARYANA,62480,2.6,259.94,240.4
STATES:,9,HIMACHAL PRADESH,12557,0.5,68.78,182.6
STATES:,10,JAMMU & KASHMIR,24608,1.0,119.14,206.5
STATES:,11,JHARKHAND,40946,1.7,320.50,127.8
STATES:,12,KARNATAKA,134021,5.6,602.29,222.5
STATES:,13,KERALA,158989,6.7,348.82,455.8
STATES:,14,MADHYA PRADESH,220335,9.2,737.30,298.8
STATES:,15,MAHARASHTRA,202700,8.5,1146.97,176.7
STATES:,16,MANIPUR,3737,0.2,24.87,150.3
STATES:,17,MEGHALAYA,2557,0.1,26.61,96.1
STATES:,18,MIZORAM,1766,0.1,10.20,173.1
STATES:,19,NAGALAND,1090,0.0,22.84,47.7
STATES:,20,ODISHA,67957,2.8,412.24,164.8
STATES:,21,PUNJAB,35790,1.5,280.83,127.4
STATES:,22,RAJASTHAN,170948,7.2,692.49,246.9
STATES:,23,SIKKIM,528,0.0,6.22,84.9
STATES:,24,TAMIL NADU,200474,8.4,680.02,294.8
STATES:,25,TRIPURA,6264,0.3,36.72,170.6
STATES:,26,UTTAR PRADESH,198093,8.3,2054.26,96.4
STATES:,27,UTTARAKHAND,8882,0.4,101.31,87.7
STATES:,28,WEST BENGAL,161427,6.8,905.95,178.2
STATES:,,TOTAL (STATES),2323714,97.3,11899.53,195.3
UNION TERRITORIES,29,A & N ISLANDS,683,0.0,5.12,133.4
UNION TERRITORIES,30,CHANDIGARH,3606,0.2,15.32,235.4
UNION TERRITORIES,31,D & N HAVELI,318,0.0,3.76,84.6
UNION TERRITORIES,32,DAMAN & DIU,239,0.0,2.85,83.9
UNION TERRITORIES,33,DELHI,54287,2.3,191.64,283.3
UNION TERRITORIES,34,LAKSHADWEEP,60,0.0,0.77,77.9
UNION TERRITORIES,35,PUDUCHERRY,4281,0.2,14.71,291.0
UNION TERRITORIES,,TOTAL (UTs),63474,2.7,234.17,271.1
UNION TERRITORIES,,TOTAL (ALL-INDIA),2387188,100.0,12133.70,196.7
CITIES:,1,AGRA,6537,1.4,17.46,374.4
CITIES:,2,AHMEDABAD,21347,4.5,63.52,336.1
CITIES:,3,ALLAHABAD,2788,0.6,12.17,229.1
CITIES:,4,AMRITSAR,1964,0.4,11.84,165.9
CITIES:,5,ASANSOL,3897,0.8,12.43,313.5
CITIES:,6,AURANGABAD,3659,0.8,11.89,307.7
CITIES:,7,BENGALURU,29297,6.2,84.99,344.7
CITIES:,8,BHOPAL,11732,2.5,18.83,623.0
CITIES:,9,CHANDIGARH (CITY),3372,0.7,10.26,328.7
CITIES:,10,CHENNAI,19881,4.2,86.96,228.6
CITIES:,11,COIMBATORE,10357,2.2,21.51,481.5
CITIES:,12,DELHI (CITY),47982,10.1,163.15,294.1
CITIES:,13,DHANBAD,1613,0.3,11.95,135.0
CITIES:,14,DURG-BHILAINAGAR,6244,1.3,10.64,586.8
CITIES:,15,FARIDABAD,5023,1.1,14.05,357.5
CITIES:,16,GHAZIABAD,5254,1.1,23.59,222.7
CITIES:,17,GWALIOR,7561,1.6,11.02,686.1
CITIES:,18,HYDERABAD,15992,3.4,77.49,206.4
CITIES:,19,INDORE,16526,3.5,21.67,762.6
CITIES:,20,JABALPUR,7212,1.5,12.68,568.8
CITIES:,21,JAIPUR,18678,3.9,30.73,607.8
CITIES:,22,JAMSHEDPUR,3192,0.7,13.37,238.7
CITIES:,23,JODHPUR,4531,1.0,11.38,398.2
CITIES:,24,KANNUR,2707,0.6,16.43,164.8
CITIES:,25,KANPUR,4558,1.0,29.20,156.1
CITIES:,26,KOCHI,17324,3.7,21.18,817.9
CITIES:,27,KOLKATA,25370,5.4,141.13,179.8
CITIES:,28,KOLLAM,7074,1.5,11.10,637.3
CITIES:,29,KOTA,3972,0.8,10.01,396.8
CITIES:,30,KOZHIKODE,4156,0.9,20.31,204.6
CITIES:,31,LUCKNOW,9147,1.9,29.01,315.3
CITIES:,32,LUDHIANA,3065,0.6,16.14,189.9
CITIES:,33,MADURAI,3261,0.7,14.62,223.1
CITIES:,34,MALAPPURAM,2091,0.4,16.99,123.1
CITIES:,35,MEERUT,4404,0.9,14.25,309.1
CITIES:,36,MUMBAI,30508,6.4,184.14,165.7
CITIES:,37,NAGPUR,8277,1.7,24.98,331.3
CITIES:,38,NASIK,4390,0.9,15.63,280.9
CITIES:,39,PATNA,10749,2.3,20.47,525.1
CITIES:,40,PUNE,12308,2.6,50.50,243.7
CITIES:,41,RAIPUR,5997,1.3,11.23,534.0
CITIES:,42,RAJKOT,4319,0.9,13.91,310.5
CITIES:,43,RANCHI,3990,0.8,11.27,354.0
CITIES:,44,SRINAGAR,2614,0.6,12.73,205.3
CITIES:,45,SURAT,9246,2.0,45.85,201.7
CITIES:,46,THIRUVANANTHAPURAM,7253,1.5,16.87,429.9
CITIES:,47,THRISSUR,6231,1.3,18.55,335.9
CITIES:,48,TIRUCHIRAPALLI,2926,0.6,10.22,286.3
CITIES:,49,VADODARA,6440,1.4,18.17,354.4
CITIES:,50,VARANASI,2282,0.5,14.35,159.0
CITIES:,51,VASAI VIRAR,2312,0.5,12.21,189.4
CITIES:,52,VIJAYAWADA,7686,1.6,14.91,515.5
CITIES:,53,VISHAKHAPATNAM,4626,1.0,17.30,267.4
CITIES:,,TOTAL (CITIES),473922,100.0,1607.24,294.9
