section,sl_no,State/UT,2022,2023,2024,Mid-Year Projected Population (in Lakhs) (2024),Rate of Total Crime against Women (2024),Chargesheeti ng Rate
STATES:,1,Andhra Pradesh,25503,22418,19952,267.1,74.7,94.4
STATES:,2,Arunachal Pradesh,335,326,321,7.7,41.8,77.5
STATES:,3,Assam,14148,12070,10546,177.7,59.3,76.5
STATES:,4,Bihar,20222,22952,27359,621.0,44.1,67.1
STATES:,5,Chhattisgarh,8693,8035,8601,152.7,56.3,71.3
STATES:,6,Goa,273,286,356,7.9,45.2,73.4
STATES:,7,Gujarat,7731,7805,7606,345.0,22.0,89.2
STATES:,8,Haryana,16743,15758,13945,144.7,96.4,58.8
STATES:,9,Himachal Pradesh,1551,1604,1605,37.1,43.3,69.7
STATES:,10,Jharkhand,7678,6989,6367,196.1,32.5,81.9
STATES:,11,Karnataka,17813,20336,19945,336.3,59.3,78.6
STATES:,12,Kerala,15213,16025,15037,186.9,80.5,94.1
STATES:,13,Madhya Pradesh,32765,32342,32832,426.5,77.0,77.3
STATES:,14,Maharashtra,45331,47101,47954,612.6,78.3,79.5
STATES:,15,Manipur,248,201,195,16.3,12.0,55.4
STATES:,16,Meghalaya,690,628,658,16.9,38.9,72.1
STATES:,17,Mizoram,147,184,259,6.2,41.7,95.9
STATES:,18,Nagaland,49,56,56,10.9,5.1,83.6
STATES:,19,Odisha,23648,25914,27449,232.0,118.3,71.3
STATES:,20,Punjab,5572,5258,5348,147.3,36.3,75.0
STATES:,21,Rajasthan,45058,45450,36563,400.6,91.3,54.1
STATES:,22,Sikkim,179,134,131,3.3,39.7,72.0
STATES:,23,Tamil Nadu,9207,8943,11363,386.7,29.4,93.0
STATES:,24,Telangana,22066,23678,24495,190.5,128.6,86.9
STATES:,25,Tripura,752,791,716,20.6,34.7,82.3
STATES:,26,Uttar Pradesh,65743,66381,66398,1145.4,58.0,77.3
STATES:,27,Uttarakhand,4337,3808,3342,57.5,58.2,68.5
STATES:,28,West Bengal,34738,34691,34360,489.0,70.3,92.4
STATES:,,TOTAL STATE(S),426433,430164,423759,6642.5,63.8,77.3
UNION TERRITORIES:,29,A&N Islands,178,205,156,1.9,81.7,94.2
UNION TERRITORIES:,30,Chandigarh,325,371,452,5.8,78.6,63.5
UNION TERRITORIES:,31,D&N Haveli and Daman & Diu,126,124,86,4.6,18.7,68.7
UNION TERRITORIES:,32,Delhi,14247,13439,13396,102.5,130.7,73.6
UNION TERRITORIES:,33,Jammu & Kashmir,3716,3653,3366,65.5,51.4,70.6
UNION TERRITORIES:,34,Ladakh,15,20,34,1.3,25.6,78.1
UNION TERRITORIES:,35,Lakshadweep,16,23,13,0.3,38.2,100.0
UNION TERRITORIES:,36,Puducherry,200,212,272,8.9,30.5,93.8
UNION TERRITORIES:,,TOTAL UT(S),18823,18047,17775,190.9,93.1,73.4
UNION TERRITORIES:,,TOTAL ALL INDIA,445256,448211,441534,6833.4,64.6,77.2
