section,sl_no,State/UT,"Rape (Sec 64-68,70-71 BNS/Sec.376 IPC) | Rape (Total a+b) | IPC","Rape (Sec 64-68,70-71 BNS/Sec.376 IPC) | Rape (Total a+b) | BNS","Rape (Sec 64-68,70-71 BNS/Sec.376 IPC) | Rape (Total a+b) | Total","Rape (Sec 64-68,70-71 BNS/Sec.376 IPC) | Rape (Total a+b) | V","Rape (Sec 64-68,70-71 BNS/Sec.376 IPC) | Rape (Total a+b) | R","Rape (Sec 64-68,70-71 BNS/Sec.376 IPC) | a) Women (18 Years and Above) | IPC","Rape (Sec 64-68,70-71 BNS/Sec.376 IPC) | a) Women (18 Years and Above) | BNS","Rape (Sec 64-68,70-71 BNS/Sec.376 IPC) | a) Women (18 Years and Above) | Total","Rape (Sec 64-68,70-71 BNS/Sec.376 IPC) | a) Women (18 Years and Above) | V","Rape (Sec 64-68,70-71 BNS/Sec.376 IPC) | a) Women (18 Years and Above) | R","Rape (Sec 64-68,70-71 BNS/Sec.376 IPC) b) Girls (Below 18 Years) | IPC","Rape (Sec 64-68,70-71 BNS/Sec.376 IPC) b) Girls (Below 18 Years) | BNS","Rape (Sec 64-68,70-71 BNS/Sec.376 IPC) b) Girls (Below 18 Years) | Total","Rape (Sec 64-68,70-71 BNS/Sec.376 IPC) b) Girls (Below 18 Years) | V","Rape (Sec 64-68,70-71 BNS/Sec.376 IPC) b) Girls (Below 18 Years) | R",Sexual Intercourse by employing deceitful means (Sec 69 BNS) | IPC,Sexual Intercourse by employing deceitful means (Sec 69 BNS) | BNS,Sexual Intercourse by employing deceitful means (Sec 69 BNS) | Total,Sexual Intercourse by employing deceitful means (Sec 69 BNS) | V,Sexual Intercourse by employing deceitful means (Sec 69 BNS) | R,"Murder with Rape/Gang Rape (Sec 103 r/w Sec 64-68,70-71 BNS/ Sec 302 r/w 376 IPC) | IPC","Murder with Rape/Gang Rape (Sec 103 r/w Sec 64-68,70-71 BNS/ Sec 302 r/w 376 IPC) | BNS","Murder with Rape/Gang Rape (Sec 103 r/w Sec 64-68,70-71 BNS/ Sec 302 r/w 376 IPC) | Total","Murder with Rape/Gang Rape (Sec 103 r/w Sec 64-68,70-71 BNS/ Sec 302 r/w 376 IPC) | V","Murder with Rape/Gang Rape (Sec 103 r/w Sec 64-68,70-71 BNS/ Sec 302 r/w 376 IPC) | R",Attempt to commit Rape (Sec. 64 r/w 62 BNS/Sec.376 r/w 511 IPC) Attempt to commit Rape (Total a+b) | IPC,Attempt to commit Rape (Sec. 64 r/w 62 BNS/Sec.376 r/w 511 IPC) Attempt to commit Rape (Total a+b) | BNS,Attempt to commit Rape (Sec. 64 r/w 62 BNS/Sec.376 r/w 511 IPC) Attempt to commit Rape (Total a+b) | Total,Attempt to commit Rape (Sec. 64 r/w 62 BNS/Sec.376 r/w 511 IPC) Attempt to commit Rape (Total a+b) | V,Attempt to commit Rape (Sec. 64 r/w 62 BNS/Sec.376 r/w 511 IPC) Attempt to commit Rape (Total a+b) | R,Attempt to commit Rape (Sec 64 r/w 62 BNS/Sec.376 r/w 511 IPC) | a) Women (18 Years and Above) | IPC,Attempt to commit Rape (Sec 64 r/w 62 BNS/Sec.376 r/w 511 IPC) | a) Women (18 Years and Above) | BNS,Attempt to commit Rape (Sec 64 r/w 62 BNS/Sec.376 r/w 511 IPC) | a) Women (18 Years and Above) | Total,Attempt to commit Rape (Sec 64 r/w 62 BNS/Sec.376 r/w 511 IPC) | a) Women (18 Years and Above) | V,Attempt to commit Rape (Sec 64 r/w 62 BNS/Sec.376 r/w 511 IPC) | a) Women (18 Years and Above) | R,Attempt to commit Rape (Sec 64 r/w 62 BNS/Sec.376 r/w 511 IPC) | b) Girls (Below 18 Years) | IPC,Attempt to commit Rape (Sec 64 r/w 62 BNS/Sec.376 r/w 511 IPC) | b) Girls (Below 18 Years) | BNS,Attempt to commit Rape (Sec 64 r/w 62 BNS/Sec.376 r/w 511 IPC) | b) Girls (Below 18 Years) | Total,Attempt to commit Rape (Sec 64 r/w 62 BNS/Sec.376 r/w 511 IPC) | b) Girls (Below 18 Years) | V,Attempt to commit Rape (Sec 64 r/w 62 BNS/Sec.376 r/w 511 IPC) | b) Girls (Below 18 Years) | R,Assault on Women with intent to outrage her Modesty (Sec 74 BNS/Sec 354 IPC)) | Assault on Women with intent to outrage her Modesty (Total a+b) | IPC,Assault on Women with intent to outrage her Modesty (Sec 74 BNS/Sec 354 IPC)) | Assault on Women with intent to outrage her Modesty (Total a+b) | BNS,Assault on Women with intent to outrage her Modesty (Sec 74 BNS/Sec 354 IPC)) | Assault on Women with intent to outrage her Modesty (Total a+b) | Total,Assault on Women with intent to outrage her Modesty (Sec 74 BNS/Sec 354 IPC)) | Assault on Women with intent to outrage her Modesty (Total a+b) | V,Assault on Women with intent to outrage her Modesty (Sec 74 BNS/Sec 354 IPC)) | Assault on Women with intent to outrage her Modesty (Total a+b) | R,Assault on Women with intent to outrage her Modesty (Sec 74 BNS/Sec 354 IPC)) | a) Women (18 Years and Above) | IPC,Assault on Women with intent to outrage her Modesty (Sec 74 BNS/Sec 354 IPC)) | a) Women (18 Years and Above) | BNS,Assault on Women with intent to outrage her Modesty (Sec 74 BNS/Sec 354 IPC)) | a) Women (18 Years and Above) | Total,Assault on Women with intent to outrage her Modesty (Sec 74 BNS/Sec 354 IPC)) | a) Women (18 Years and Above) | V,Assault on Women with intent to outrage her Modesty (Sec 74 BNS/Sec 354 IPC)) | a) Women (18 Years and Above) | R,Assault on Women with intent to outrage her Modesty (Sec 74 BNS/Sec.354 IPC) b) Girls (Below 18 Years) | IPC,Assault on Women with intent to outrage her Modesty (Sec 74 BNS/Sec.354 IPC) b) Girls (Below 18 Years) | BNS,Assault on Women with intent to outrage her Modesty (Sec 74 BNS/Sec.354 IPC) b) Girls (Below 18 Years) | Total,Assault on Women with intent to outrage her Modesty (Sec 74 BNS/Sec.354 IPC) b) Girls (Below 18 Years) | V,Assault on Women with intent to outrage her Modesty (Sec 74 BNS/Sec.354 IPC) b) Girls (Below 18 Years) | R,Sexual Harassment (Sec. 75 BNS/Sec.354A IPC) Sexual Harassment (Total a+b) | IPC,Sexual Harassment (Sec. 75 BNS/Sec.354A IPC) Sexual Harassment (Total a+b) | BNS,Sexual Harassment (Sec. 75 BNS/Sec.354A IPC) Sexual Harassment (Total a+b) | Total,Sexual Harassment (Sec. 75 BNS/Sec.354A IPC) Sexual Harassment (Total a+b) | V,Sexual Harassment (Sec. 75 BNS/Sec.354A IPC) Sexual Harassment (Total a+b) | R,Sexual Harassment (Sec 75 BNS/Sec.354A IPC) | a) Women (18 Years and Above) | IPC,Sexual Harassment (Sec 75 BNS/Sec.354A IPC) | a) Women (18 Years and Above) | BNS,Sexual Harassment (Sec 75 BNS/Sec.354A IPC) | a) Women (18 Years and Above) | Total,Sexual Harassment (Sec 75 BNS/Sec.354A IPC) | a) Women (18 Years and Above) | V,Sexual Harassment (Sec 75 BNS/Sec.354A IPC) | a) Women (18 Years and Above) | R,Sexual Harassment (Sec 75 BNS/Sec.354A IPC) | b) Girls (Below 18 Years) | IPC,Sexual Harassment (Sec 75 BNS/Sec.354A IPC) | b) Girls (Below 18 Years) | BNS,Sexual Harassment (Sec 75 BNS/Sec.354A IPC) | b) Girls (Below 18 Years) | Total,Sexual Harassment (Sec 75 BNS/Sec.354A IPC) | b) Girls (Below 18 Years) | V,Sexual Harassment (Sec 75 BNS/Sec.354A IPC) | b) Girls (Below 18 Years) | R,Assault or Use of Criminal Force with intent to disrobe (Sec. 76 BNS/Sec. 354B IPC) | Assault or Use of Criminal Force with intent to disrobe (Total a+b) | IPC,Assault or Use of Criminal Force with intent to disrobe (Sec. 76 BNS/Sec. 354B IPC) | Assault or Use of Criminal Force with intent to disrobe (Total a+b) | BNS,Assault or Use of Criminal Force with intent to disrobe (Sec. 76 BNS/Sec. 354B IPC) | Assault or Use of Criminal Force with intent to disrobe (Total a+b) | Total,Assault or Use of Criminal Force with intent to disrobe (Sec. 76 BNS/Sec. 354B IPC) | Assault or Use of Criminal Force with intent to disrobe (Total a+b) | V,Assault or Use of Criminal Force with intent to disrobe (Sec. 76 BNS/Sec. 354B IPC) | Assault or Use of Criminal Force with intent to disrobe (Total a+b) | R,Assault or Use of Criminal Force with intent to disrobe (Sec. 76 BNS/Sec. 354B IPC) | a) Women (18 Years and Above) | IPC,Assault or Use of Criminal Force with intent to disrobe (Sec. 76 BNS/Sec. 354B IPC) | a) Women (18 Years and Above) | BNS,Assault or Use of Criminal Force with intent to disrobe (Sec. 76 BNS/Sec. 354B IPC) | a) Women (18 Years and Above) | Total,Assault or Use of Criminal Force with intent to disrobe (Sec. 76 BNS/Sec. 354B IPC) | a) Women (18 Years and Above) | V,Assault or Use of Criminal Force with intent to disrobe (Sec. 76 BNS/Sec. 354B IPC) | a) Women (18 Years and Above) | R,Assault or Use of Criminal Force with intent to disrobe (Sec. 76 BNS/Sec. 354B IPC) b) Girls (Below 18 Years) | IPC,Assault or Use of Criminal Force with intent to disrobe (Sec. 76 BNS/Sec. 354B IPC) b) Girls (Below 18 Years) | BNS,Assault or Use of Criminal Force with intent to disrobe (Sec. 76 BNS/Sec. 354B IPC) b) Girls (Below 18 Years) | Total,Assault or Use of Criminal Force with intent to disrobe (Sec. 76 BNS/Sec. 354B IPC) b) Girls (Below 18 Years) | V,Assault or Use of Criminal Force with intent to disrobe (Sec. 76 BNS/Sec. 354B IPC) b) Girls (Below 18 Years) | R,Voyeurism (Sec. 77 BNS/Sec. 354C IPC) Voyeurism (Total a+b) | IPC,Voyeurism (Sec. 77 BNS/Sec. 354C IPC) Voyeurism (Total a+b) | BNS,Voyeurism (Sec. 77 BNS/Sec. 354C IPC) Voyeurism (Total a+b) | Total,Voyeurism (Sec. 77 BNS/Sec. 354C IPC) Voyeurism (Total a+b) | V,Voyeurism (Sec. 77 BNS/Sec. 354C IPC) Voyeurism (Total a+b) | R,Voyeurism (Sec. 77 BNS/Sec. 354C IPC) | a) Women (18 Years and Above) | IPC,Voyeurism (Sec. 77 BNS/Sec. 354C IPC) | a) Women (18 Years and Above) | BNS,Voyeurism (Sec. 77 BNS/Sec. 354C IPC) | a) Women (18 Years and Above) | Total,Voyeurism (Sec. 77 BNS/Sec. 354C IPC) | a) Women (18 Years and Above) | V,Voyeurism (Sec. 77 BNS/Sec. 354C IPC) | a) Women (18 Years and Above) | R,Voyeurism (Sec. 77 BNS/Sec. 354C IPC) | b) Girls (Below 18 Years) | IPC,Voyeurism (Sec. 77 BNS/Sec. 354C IPC) | b) Girls (Below 18 Years) | BNS,Voyeurism (Sec. 77 BNS/Sec. 354C IPC) | b) Girls (Below 18 Years) | Total,Voyeurism (Sec. 77 BNS/Sec. 354C IPC) | b) Girls (Below 18 Years) | V,Voyeurism (Sec. 77 BNS/Sec. 354C IPC) | b) Girls (Below 18 Years) | R,Stalking (Sec. 78 BNS/Sec. 354D IPC) | Stalking (Total a+b) | IPC,Stalking (Sec. 78 BNS/Sec. 354D IPC) | Stalking (Total a+b) | BNS,Stalking (Sec. 78 BNS/Sec. 354D IPC) | Stalking (Total a+b) | Total,Stalking (Sec. 78 BNS/Sec. 354D IPC) | Stalking (Total a+b) | V,Stalking (Sec. 78 BNS/Sec. 354D IPC) | Stalking (Total a+b) | R,Stalking (Sec. 78 BNS/Sec. 354D IPC) | a) Women (18 Years and Above) | IPC,Stalking (Sec. 78 BNS/Sec. 354D IPC) | a) Women (18 Years and Above) | BNS,Stalking (Sec. 78 BNS/Sec. 354D IPC) | a) Women (18 Years and Above) | Total,Stalking (Sec. 78 BNS/Sec. 354D IPC) | a) Women (18 Years and Above) | V,Stalking (Sec. 78 BNS/Sec. 354D IPC) | a) Women (18 Years and Above) | R,Stalking (Sec. 78 BNS/Sec. 354D IPC) b) Girls (Below 18 Years) | IPC,Stalking (Sec. 78 BNS/Sec. 354D IPC) b) Girls (Below 18 Years) | BNS,Stalking (Sec. 78 BNS/Sec. 354D IPC) b) Girls (Below 18 Years) | Total,Stalking (Sec. 78 BNS/Sec. 354D IPC) b) Girls (Below 18 Years) | V,Stalking (Sec. 78 BNS/Sec. 354D IPC) b) Girls (Below 18 Years) | R,Insult to the Modesty of Women (Sec. 79 BNS/Sec. 509 IPC) Insult to the Modesty of Women (Total a+b) | IPC,Insult to the Modesty of Women (Sec. 79 BNS/Sec. 509 IPC) Insult to the Modesty of Women (Total a+b) | BNS,Insult to the Modesty of Women (Sec. 79 BNS/Sec. 509 IPC) Insult to the Modesty of Women (Total a+b) | Total,Insult to the Modesty of Women (Sec. 79 BNS/Sec. 509 IPC) Insult to the Modesty of Women (Total a+b) | V,Insult to the Modesty of Women (Sec. 79 BNS/Sec. 509 IPC) Insult to the Modesty of Women (Total a+b) | R,Insult to the Modesty of Women (Sec 79 BNS/Sec 509 IPC) | a) Women (18 Years and Above) | IPC,Insult to the Modesty of Women (Sec 79 BNS/Sec 509 IPC) | a) Women (18 Years and Above) | BNS,Insult to the Modesty of Women (Sec 79 BNS/Sec 509 IPC) | a) Women (18 Years and Above) | Total,Insult to the Modesty of Women (Sec 79 BNS/Sec 509 IPC) | a) Women (18 Years and Above) | V,Insult to the Modesty of Women (Sec 79 BNS/Sec 509 IPC) | a) Women (18 Years and Above) | R,Insult to the Modesty of Women (Sec 79 BNS/Sec 509 IPC) | b) Girls (Below 18 Years) | IPC,Insult to the Modesty of Women (Sec 79 BNS/Sec 509 IPC) | b) Girls (Below 18 Years) | BNS,Insult to the Modesty of Women (Sec 79 BNS/Sec 509 IPC) | b) Girls (Below 18 Years) | Total,Insult to the Modesty of Women (Sec 79 BNS/Sec 509 IPC) | b) Girls (Below 18 Years) | V,Insult to the Modesty of Women (Sec 79 BNS/Sec 509 IPC) | b) Girls (Below 18 Years) | R,Dowry Deaths (Sec 80 BNS /Sec 304B IPC) | IPC,Dowry Deaths (Sec 80 BNS /Sec 304B IPC) | BNS,Dowry Deaths (Sec 80 BNS /Sec 304B IPC) | Total,Dowry Deaths (Sec 80 BNS /Sec 304B IPC) | V,Dowry Deaths (Sec 80 BNS /Sec 304B IPC) | R,Cruelty by Husband or his relatives (Sec 85 BNS/Sec 498-A IPC) | IPC,Cruelty by Husband or his relatives (Sec 85 BNS/Sec 498-A IPC) | BNS,Cruelty by Husband or his relatives (Sec 85 BNS/Sec 498-A IPC) | Total,Cruelty by Husband or his relatives (Sec 85 BNS/Sec 498-A IPC) | V,Cruelty by Husband or his relatives (Sec 85 BNS/Sec 498-A IPC) | R,Kidnapping or abducting or inducing Women to compel her for marriage (Sec. 87 BNS/Sec. 366 IPC) | Kidnapping or abducting or inducing Women to compel her for marriage (Total a+b) | IPC,Kidnapping or abducting or inducing Women to compel her for marriage (Sec. 87 BNS/Sec. 366 IPC) | Kidnapping or abducting or inducing Women to compel her for marriage (Total a+b) | BNS,Kidnapping or abducting or inducing Women to compel her for marriage (Sec. 87 BNS/Sec. 366 IPC) | Kidnapping or abducting or inducing Women to compel her for marriage (Total a+b) | Total,Kidnapping or abducting or inducing Women to compel her for marriage (Sec. 87 BNS/Sec. 366 IPC) | Kidnapping or abducting or inducing Women to compel her for marriage (Total a+b) | V,Kidnapping or abducting or inducing Women to compel her for marriage (Sec. 87 BNS/Sec. 366 IPC) | Kidnapping or abducting or inducing Women to compel her for marriage (Total a+b) | R,Kidnapping or abducting or inducing Women to compel her for marriage (Sec. 87 BNS/Sec. 366 IPC) | a) Women (18 Years and Above) | IPC,Kidnapping or abducting or inducing Women to compel her for marriage (Sec. 87 BNS/Sec. 366 IPC) | a) Women (18 Years and Above) | BNS,Kidnapping or abducting or inducing Women to compel her for marriage (Sec. 87 BNS/Sec. 366 IPC) | a) Women (18 Years and Above) | Total,Kidnapping or abducting or inducing Women to compel her for marriage (Sec. 87 BNS/Sec. 366 IPC) | a) Women (18 Years and Above) | V,Kidnapping or abducting or inducing Women to compel her for marriage (Sec. 87 BNS/Sec. 366 IPC) | a) Women (18 Years and Above) | R,Kidnapping or abducting or inducing Women to compel her for marriage (Sec. 87 BNS/Sec. 366 IPC) b) Girls (Below 18 Years | IPC,Kidnapping or abducting or inducing Women to compel her for marriage (Sec. 87 BNS/Sec. 366 IPC) b) Girls (Below 18 Years | BNS,Kidnapping or abducting or inducing Women to compel her for marriage (Sec. 87 BNS/Sec. 366 IPC) b) Girls (Below 18 Years | Total,Kidnapping or abducting or inducing Women to compel her for marriage (Sec. 87 BNS/Sec. 366 IPC) b) Girls (Below 18 Years | V,Kidnapping or abducting or inducing Women to compel her for marriage (Sec. 87 BNS/Sec. 366 IPC) b) Girls (Below 18 Years | R,Miscarriage (Sec 88 to 90 BNS/Sec 313 and 314 IPC) | IPC,Miscarriage (Sec 88 to 90 BNS/Sec 313 and 314 IPC) | BNS,Miscarriage (Sec 88 to 90 BNS/Sec 313 and 314 IPC) | Total,Miscarriage (Sec 88 to 90 BNS/Sec 313 and 314 IPC) | V,Miscarriage (Sec 88 to 90 BNS/Sec 313 and 314 IPC) | R,Procuration of Minor Girls (Sec 96 BNS//Sec 366A IPC) | IPC,Procuration of Minor Girls (Sec 96 BNS//Sec 366A IPC) | BNS,Procuration of Minor Girls (Sec 96 BNS//Sec 366A IPC) | Total,Procuration of Minor Girls (Sec 96 BNS//Sec 366A IPC) | V,Procuration of Minor Girls (Sec 96 BNS//Sec 366A IPC) | R,Selling of Girls for Prostitution (Sec 98 BNS/Sec 372 IPC) | IPC,Selling of Girls for Prostitution (Sec 98 BNS/Sec 372 IPC) | BNS,Selling of Girls for Prostitution (Sec 98 BNS/Sec 372 IPC) | Total,Selling of Girls for Prostitution (Sec 98 BNS/Sec 372 IPC) | V,Selling of Girls for Prostitution (Sec 98 BNS/Sec 372 IPC) | R,Buying of Girls for Prostitution (Sec 99 BNS/Sec 373 IPC) | IPC,Buying of Girls for Prostitution (Sec 99 BNS/Sec 373 IPC) | BNS,Buying of Girls for Prostitution (Sec 99 BNS/Sec 373 IPC) | Total,Buying of Girls for Prostitution (Sec 99 BNS/Sec 373 IPC) | V,Buying of Girls for Prostitution (Sec 99 BNS/Sec 373 IPC) | R,Abetment to suicides of women (u/s 107/108 BNS/Sec 305/306 IPC) | IPC,Abetment to suicides of women (u/s 107/108 BNS/Sec 305/306 IPC) | BNS,Abetment to suicides of women (u/s 107/108 BNS/Sec 305/306 IPC) | Total,Abetment to suicides of women (u/s 107/108 BNS/Sec 305/306 IPC) | V,Abetment to suicides of women (u/s 107/108 BNS/Sec 305/306 IPC) | R,Acid Attack (Sec 124(1) BNS/Sec 326A IPC) | IPC,Acid Attack (Sec 124(1) BNS/Sec 326A IPC) | BNS,Acid Attack (Sec 124(1) BNS/Sec 326A IPC) | Total,Acid Attack (Sec 124(1) BNS/Sec 326A IPC) | V,Acid Attack (Sec 124(1) BNS/Sec 326A IPC) | R,Attempt to Acid Attack (Sec 124(2) BNS/Sec 326B IPC) | IPC,Attempt to Acid Attack (Sec 124(2) BNS/Sec 326B IPC) | BNS,Attempt to Acid Attack (Sec 124(2) BNS/Sec 326B IPC) | Total,Attempt to Acid Attack (Sec 124(2) BNS/Sec 326B IPC) | V,Attempt to Acid Attack (Sec 124(2) BNS/Sec 326B IPC) | R,Kidnapping & Abduction of Women | Kidnapping & Abduction of Women (Total a+b+c+d+e) | IPC,Kidnapping & Abduction of Women | Kidnapping & Abduction of Women (Total a+b+c+d+e) | BNS,Kidnapping & Abduction of Women | Kidnapping & Abduction of Women (Total a+b+c+d+e) | Total,Kidnapping & Abduction of Women | Kidnapping & Abduction of Women (Total a+b+c+d+e) | V,Kidnapping & Abduction of Women | Kidnapping & Abduction of Women (Total a+b+c+d+e) | R,Kidnapping & Abduction of Women | a) K & A (Sec.137 & 138 BNS/Sec. 363 IPC) | IPC,Kidnapping & Abduction of Women | a) K & A (Sec.137 & 138 BNS/Sec. 363 IPC) | BNS,Kidnapping & Abduction of Women | a) K & A (Sec.137 & 138 BNS/Sec. 363 IPC) | Total,Kidnapping & Abduction of Women | a) K & A (Sec.137 & 138 BNS/Sec. 363 IPC) | V,Kidnapping & Abduction of Women | a) K & A (Sec.137 & 138 BNS/Sec. 363 IPC) | R,Kidnapping & Abduction of Women | b) K & A in order to Murder (Sec.140(1) BNS/Sec. 364 IPC) | IPC,Kidnapping & Abduction of Women | b) K & A in order to Murder (Sec.140(1) BNS/Sec. 364 IPC) | BNS,Kidnapping & Abduction of Women | b) K & A in order to Murder (Sec.140(1) BNS/Sec. 364 IPC) | Total,Kidnapping & Abduction of Women | b) K & A in order to Murder (Sec.140(1) BNS/Sec. 364 IPC) | V,Kidnapping & Abduction of Women | b) K & A in order to Murder (Sec.140(1) BNS/Sec. 364 IPC) | R,Kidnapping & Abduction of Women | c) Kidnapping for Ransom (Sec. 140(2) BNS/Sec. 364A IPC) | IPC,Kidnapping & Abduction of Women | c) Kidnapping for Ransom (Sec. 140(2) BNS/Sec. 364A IPC) | BNS,Kidnapping & Abduction of Women | c) Kidnapping for Ransom (Sec. 140(2) BNS/Sec. 364A IPC) | Total,Kidnapping & Abduction of Women | c) Kidnapping for Ransom (Sec. 140(2) BNS/Sec. 364A IPC) | V,Kidnapping & Abduction of Women | c) Kidnapping for Ransom (Sec. 140(2) BNS/Sec. 364A IPC) | R,Kidnapping & Abduction of Women | d) Importation of Girls from Foreign Country (Sec. 141 BNS/Sec. 366-B IPC) | IPC,Kidnapping & Abduction of Women | d) Importation of Girls from Foreign Country (Sec. 141 BNS/Sec. 366-B IPC) | BNS,Kidnapping & Abduction of Women | d) Importation of Girls from Foreign Country (Sec. 141 BNS/Sec. 366-B IPC) | Total,Kidnapping & Abduction of Women | d) Importation of Girls from Foreign Country (Sec. 141 BNS/Sec. 366-B IPC) | V,Kidnapping & Abduction of Women | d) Importation of Girls from Foreign Country (Sec. 141 BNS/Sec. 366-B IPC) | R,"Kidnapping & Abduction of Women e) K&A of Women – Others (Sec. 140(3), 140(4),142 BNS/Sec. 365, 367-368 IPC) | IPC","Kidnapping & Abduction of Women e) K&A of Women – Others (Sec. 140(3), 140(4),142 BNS/Sec. 365, 367-368 IPC) | BNS","Kidnapping & Abduction of Women e) K&A of Women – Others (Sec. 140(3), 140(4),142 BNS/Sec. 365, 367-368 IPC) | Total","Kidnapping & Abduction of Women e) K&A of Women – Others (Sec. 140(3), 140(4),142 BNS/Sec. 365, 367-368 IPC) | V","Kidnapping & Abduction of Women e) K&A of Women – Others (Sec. 140(3), 140(4),142 BNS/Sec. 365, 367-368 IPC) | R",Total IPC/BNS Crimes against Women | IPC,Total IPC/BNS Crimes against Women | BNS,Total IPC/BNS Crimes against Women | Total,Total IPC/BNS Crimes against Women | V,Total IPC/BNS Crimes against Women | R
STATES:,1,Andhra Pradesh,316,125,441,448,1.7,316,125,441,448,1.7,0,0,0,0,0.0,0,48,48,48,0.2,3,4,7,7,0.0,43,59,102,103,0.4,34,55,89,90,0.3,9,4,13,13,0.0,1288,1101,2389,2405,8.9,1288,1101,2389,2405,8.9,0,0,0,0,0.0,428,415,843,845,3.2,428,415,843,845,3.2,0,0,0,0,0.0,87,102,189,189,0.7,87,102,189,189,0.7,0,0,0,0,0.0,56,78,134,134,0.5,56,78,134,134,0.5,0,0,0,0,0.0,520,457,977,983,3.7,520,457,977,983,3.7,0,0,0,0,0.0,1444,1512,2956,2965,11.1,1444,1512,2956,2965,11.1,0,0,0,0,0.0,38,34,72,74,0.3,4504,4661,9165,9187,34.3,80,30,110,111,0.4,18,12,30,31,0.1,62,18,80,80,0.3,2,4,6,6,0.0,20,7,27,27,0.1,0,0,0,0,0.0,0,0,0,0,0.0,131,149,280,285,1.0,1,0,1,1,0.0,0,2,2,2,0.0,142,147,289,302,1.1,136,126,262,273,1.0,0,0,0,0,0.0,1,0,1,2,0.0,0,0,0,0,0.0,5,21,26,27,0.1,9103,8935,18038,18122,67.5
STATES:,2,Arunachal Pradesh,40,36,76,79,9.9,19,9,28,28,3.6,21,27,48,51,6.2,0,6,6,6,0.8,0,1,1,1,0.1,2,6,8,8,1.0,1,5,6,6,0.8,1,1,2,2,0.3,23,25,48,48,6.2,23,25,48,48,6.2,0,0,0,0,0.0,9,8,17,13,2.2,9,4,13,13,1.7,0,4,4,4,0.5,2,1,3,3,0.4,2,1,3,3,0.4,0,0,0,0,0.0,1,3,4,12,0.5,1,3,4,12,0.5,0,0,0,0,0.0,1,2,3,3,0.4,1,2,3,3,0.4,0,0,0,0,0.0,17,7,24,24,3.1,14,6,20,20,2.6,3,1,4,4,0.5,0,1,1,1,0.1,22,32,54,54,7.0,1,0,1,1,0.1,1,0,1,1,0.1,0,0,0,0,0.0,0,0,0,0,0.0,0,0,0,0,0.0,0,1,1,2,0.1,0,0,0,0,0.0,1,3,4,4,0.5,0,0,0,0,0.0,0,0,0,0,0.0,22,12,34,48,4.4,19,12,31,45,4.0,0,0,0,0,0.0,0,0,0,0,0.0,0,0,0,0,0.0,3,0,3,3,0.4,141,144,285,311,37.0
STATES:,3,Assam,583,344,927,951,5.2,567,343,910,934,5.1,16,1,17,17,0.1,0,50,50,50,0.3,2,5,7,7,0.0,74,81,155,157,0.9,74,81,155,157,0.9,0,0,0,0,0.0,390,353,743,758,4.2,390,350,740,758,4.2,0,3,3,3,0.0,141,121,262,264,1.5,141,120,261,264,1.5,0,1,1,1,0.0,125,136,261,265,1.5,125,136,261,265,1.5,0,0,0,0,0.0,12,16,28,28,0.2,12,16,28,28,0.2,0,0,0,0,0.0,29,43,72,72,0.4,29,43,72,72,0.4,0,0,0,0,0.0,21,30,51,52,0.3,21,30,51,52,0.3,0,0,0,0,0.0,57,37,94,97,0.5,902,539,1441,1443,8.1,717,666,1383,1405,7.8,433,430,863,874,4.9,284,236,520,531,2.9,1,5,6,6,0.0,248,81,329,330,1.9,0,0,0,0,0.0,0,0,0,0,0.0,48,34,82,84,0.5,2,2,4,4,0.0,0,1,1,1,0.0,795,729,1524,1612,8.6,374,404,778,828,4.4,0,1,1,1,0.0,2,2,4,4,0.0,0,0,0,0,0.0,419,322,741,779,4.2,4147,3273,7420,7590,41.8
STATES:,4,Bihar,659,506,1165,1165,1.9,658,506,1164,1164,1.9,1,0,1,1,0.0,0,9,9,9,0.0,7,2,9,9,0.0,28,17,45,45,0.1,27,17,44,44,0.1,1,0,1,1,0.0,117,108,225,225,0.4,117,108,225,225,0.4,0,0,0,0,0.0,41,21,62,57,0.1,41,16,57,57,0.1,0,5,5,5,0.0,39,31,70,70,0.1,39,31,70,70,0.1,0,0,0,0,0.0,4,0,4,4,0.0,4,0,4,4,0.0,0,0,0,0,0.0,20,37,57,48,0.1,20,28,48,39,0.1,0,9,9,9,0.0,10,10,20,20,0.0,10,7,17,17,0.0,0,3,3,3,0.0,544,534,1078,1078,1.7,989,852,1841,1841,3.0,6635,5803,12438,12458,20.0,3161,3063,6224,6227,10.0,3474,2740,6214,6231,10.0,0,0,0,0,0.0,0,5,5,7,0.0,1,2,3,3,0.0,0,2,2,2,0.0,5,1,6,6,0.0,10,0,10,10,0.0,0,0,0,0,0.0,1770,2132,3902,3971,6.3,800,981,1781,1828,2.9,1,4,5,5,0.0,1,1,2,2,0.0,0,0,0,0,0.0,968,1146,2114,2136,3.4,10879,10072,20951,21042,33.7
STATES:,5,Chhattisgarh,822,349,1171,1171,7.7,822,349,1171,1171,7.7,0,0,0,0,0.0,0,37,37,37,0.2,3,2,5,6,0.0,2,3,5,5,0.0,2,3,5,5,0.0,0,0,0,0,0.0,355,426,781,774,5.1,355,418,773,774,5.1,0,8,8,8,0.1,48,67,115,115,0.8,48,67,115,115,0.8,0,0,0,0,0.0,23,15,38,38,0.2,23,15,38,38,0.2,0,0,0,0,0.0,1,5,6,6,0.0,1,5,6,6,0.0,0,0,0,0,0.0,32,28,60,58,0.4,32,26,58,56,0.4,0,2,2,2,0.0,152,97,249,249,1.6,150,95,245,245,1.6,2,2,4,4,0.0,38,16,54,54,0.4,486,137,623,623,4.1,9,2,11,11,0.1,0,0,0,0,0.0,9,2,11,11,0.1,1,1,2,2,0.0,2,0,2,2,0.0,0,0,0,0,0.0,0,0,0,0,0.0,78,40,118,118,0.8,0,1,1,1,0.0,0,0,0,0,0.0,1421,1401,2822,2862,18.5,1412,1399,2811,2819,18.4,0,0,0,0,0.0,1,1,2,2,0.0,0,0,0,0,0.0,8,1,9,41,0.1,3473,2627,6100,6142,39.9
STATES:,6,Goa,71,34,105,106,13.3,29,12,41,41,5.2,42,22,64,65,8.1,0,3,3,3,0.4,1,0,1,1,0.1,0,1,1,1,0.1,0,0,0,0,0.0,0,1,1,1,0.1,21,21,42,38,5.3,21,17,38,38,4.8,0,4,4,4,0.5,22,19,41,38,5.2,22,15,37,38,4.7,0,4,4,4,0.5,3,1,4,4,0.5,3,1,4,4,0.5,0,0,0,0,0.0,5,2,7,7,0.9,5,2,7,7,0.9,0,0,0,0,0.0,11,8,19,14,2.4,11,3,14,9,1.8,0,5,5,5,0.6,12,35,47,48,5.9,11,33,44,45,5.6,1,2,3,3,0.4,2,0,2,2,0.3,2,1,3,3,0.4,0,0,0,0,0.0,0,0,0,0,0.0,0,0,0,0,0.0,0,0,0,0,0.0,0,0,0,0,0.0,0,0,0,0,0.0,0,0,0,0,0.0,1,1,2,2,0.3,0,0,0,0,0.0,0,0,0,0,0.0,32,39,71,73,9.0,29,32,61,63,7.7,0,0,0,0,0.0,0,0,0,0,0.0,0,0,0,0,0.0,3,7,10,10,1.3,183,165,348,353,44.1
STATES:,7,Gujarat,460,201,661,663,1.9,456,199,655,657,1.9,4,2,6,6,0.0,0,16,16,16,0.0,3,2,5,5,0.0,0,0,0,0,0.0,0,0,0,0,0.0,0,0,0,0,0.0,138,89,227,222,0.7,138,84,222,222,0.6,0,5,5,7,0.0,140,171,311,298,0.9,140,148,288,298,0.8,0,23,23,25,0.1,31,20,51,49,0.1,31,18,49,49,0.1,0,2,2,3,0.0,17,7,24,24,0.1,17,7,24,24,0.1,0,0,0,0,0.0,46,62,108,98,0.3,46,49,95,85,0.3,0,13,13,13,0.0,5,11,16,16,0.0,4,11,15,15,0.0,1,0,1,1,0.0,8,8,16,16,0.0,1243,683,1926,1929,5.6,247,239,486,486,1.4,18,46,64,64,0.2,229,193,422,422,1.2,2,2,4,4,0.0,0,0,0,0,0.0,0,0,0,0,0.0,0,0,0,0,0.0,134,114,248,251,0.7,4,1,5,7,0.0,1,0,1,1,0.0,328,387,715,728,2.1,300,349,649,662,1.9,0,0,0,0,0.0,2,2,4,4,0.0,0,0,0,0,0.0,26,36,62,62,0.2,2807,2013,4820,4861,14.0
STATES:,8,Haryana,1046,345,1391,1391,9.6,1044,344,1388,1388,9.6,2,1,3,3,0.0,0,75,75,75,0.5,5,7,12,12,0.1,71,39,110,110,0.8,70,39,109,109,0.8,1,0,1,1,0.0,232,208,440,434,3.0,232,201,433,434,3.0,0,7,7,9,0.0,178,104,282,280,1.9,178,102,280,280,1.9,0,2,2,2,0.0,143,124,267,262,1.8,143,118,261,262,1.8,0,6,6,6,0.0,38,27,65,65,0.4,38,27,65,65,0.4,0,0,0,0,0.0,221,133,354,347,2.4,221,126,347,340,2.4,0,7,7,7,0.0,251,139,390,391,2.7,248,139,387,388,2.7,3,0,3,3,0.0,86,91,177,177,1.2,4078,344,4422,4423,30.6,440,361,801,806,5.5,271,289,560,563,3.9,169,72,241,243,1.7,13,11,24,24,0.2,379,357,736,738,5.1,0,0,0,0,0.0,0,0,0,0,0.0,82,74,156,157,1.1,4,1,5,5,0.0,0,0,0,0,0.0,925,1157,2082,2144,14.4,153,245,398,428,2.8,0,1,1,1,0.0,1,2,3,3,0.0,0,0,0,0,0.0,771,909,1680,1712,11.6,8192,3597,11789,11865,81.5
STATES:,9,Himachal Pradesh,216,108,324,325,8.7,96,34,130,131,3.5,120,74,194,194,5.2,0,6,6,6,0.2,4,0,4,4,0.1,3,1,4,4,0.1,2,1,3,3,0.1,1,0,1,1,0.0,119,95,214,209,5.8,119,86,205,209,5.5,0,9,9,9,0.2,86,86,172,147,4.6,86,60,146,147,3.9,0,26,26,34,0.7,5,7,12,11,0.3,5,6,11,11,0.3,0,1,1,1,0.0,4,7,11,9,0.3,4,5,9,9,0.2,0,2,2,2,0.1,47,37,84,77,2.3,47,30,77,70,2.1,0,7,7,7,0.2,41,57,98,103,2.6,41,56,97,102,2.6,0,1,1,1,0.0,0,0,0,0,0.0,104,80,184,184,5.0,95,2,97,98,2.6,5,2,7,7,0.2,90,0,90,91,2.4,0,0,0,0,0.0,0,0,0,0,0.0,0,0,0,0,0.0,0,0,0,0,0.0,28,23,51,51,1.4,0,0,0,0,0.0,0,0,0,0,0.0,128,178,306,316,8.2,127,177,304,314,8.2,0,0,0,0,0.0,0,0,0,0,0.0,0,0,0,0,0.0,1,1,2,2,0.1,880,687,1567,1597,42.2
STATES:,10,Jharkhand,626,447,1073,1074,5.5,577,415,992,992,5.1,49,32,81,82,0.4,0,30,30,30,0.2,3,5,8,8,0.0,79,14,93,101,0.5,78,14,92,100,0.5,1,0,1,1,0.0,309,147,456,486,2.3,309,144,453,486,2.3,0,3,3,3,0.0,110,121,231,229,1.2,110,119,229,229,1.2,0,2,2,2,0.0,109,132,241,239,1.2,109,130,239,239,1.2,0,2,2,2,0.0,8,3,11,11,0.1,8,3,11,11,0.1,0,0,0,0,0.0,32,36,68,68,0.3,32,36,68,68,0.3,0,0,0,0,0.0,8,14,22,22,0.1,7,14,21,21,0.1,1,0,1,1,0.0,115,91,206,214,1.1,391,191,582,585,3.0,446,210,656,659,3.3,397,162,559,562,2.9,49,48,97,97,0.5,0,7,7,7,0.0,182,125,307,307,1.6,0,3,3,3,0.0,0,0,0,0,0.0,20,15,35,35,0.2,1,0,1,1,0.0,0,0,0,0,0.0,66,247,313,316,1.6,58,123,181,183,0.9,3,3,6,7,0.0,0,1,1,1,0.0,0,0,0,0,0.0,5,120,125,125,0.6,2505,1838,4343,4402,22.1
STATES:,11,Karnataka,507,164,671,680,2.0,500,164,664,673,2.0,7,0,7,7,0.0,0,22,22,22,0.1,4,4,8,8,0.0,5,5,10,10,0.0,5,5,10,10,0.0,0,0,0,0,0.0,2524,1903,4427,4741,13.2,2524,1901,4425,4741,13.2,0,2,2,2,0.0,316,222,538,606,1.6,316,219,535,606,1.6,0,3,3,3,0.0,840,427,1267,1398,3.8,840,426,1266,1398,3.8,0,1,1,1,0.0,44,22,66,70,0.2,44,22,66,70,0.2,0,0,0,0,0.0,193,111,304,314,0.9,193,111,304,314,0.9,0,0,0,0,0.0,64,124,188,200,0.6,64,124,188,200,0.6,0,0,0,0,0.0,60,52,112,121,0.3,1923,1024,2947,3041,8.8,3,6,9,9,0.0,0,5,5,5,0.0,3,1,4,4,0.0,10,7,17,17,0.1,5,0,5,5,0.0,0,0,0,0,0.0,0,0,0,0,0.0,118,123,241,246,0.7,3,1,4,8,0.0,1,0,1,1,0.0,1431,1201,2632,2809,7.8,1395,1146,2541,2680,7.6,12,0,12,12,0.0,4,8,12,12,0.0,0,0,0,0,0.0,20,47,67,105,0.2,8051,5418,13469,14312,40.1
STATES:,12,Kerala,719,221,940,946,5.0,719,221,940,946,5.0,0,0,0,0,0.0,0,30,30,30,0.2,2,1,3,3,0.0,26,21,47,48,0.3,22,21,43,44,0.2,4,0,4,4,0.0,1357,1010,2367,2386,12.7,1357,985,2342,2386,12.5,0,25,25,25,0.1,696,464,1160,1175,6.2,696,448,1144,1175,6.1,0,16,16,16,0.1,64,54,118,119,0.6,64,53,117,119,0.6,0,1,1,1,0.0,53,42,95,94,0.5,53,40,93,94,0.5,0,2,2,2,0.0,215,170,385,385,2.1,215,167,382,382,2.0,0,3,3,3,0.0,315,376,691,698,3.7,314,374,688,695,3.7,1,2,3,3,0.0,0,1,1,1,0.0,3150,1308,4458,4581,23.9,5,6,11,11,0.1,2,5,7,7,0.0,3,1,4,4,0.0,0,1,1,1,0.0,1,1,2,2,0.0,0,0,0,0,0.0,0,0,0,0,0.0,27,21,48,51,0.3,2,3,5,7,0.0,0,1,1,1,0.0,51,52,103,113,0.6,45,42,87,96,0.5,0,1,1,1,0.0,0,0,0,0,0.0,0,0,0,0,0.0,6,9,15,16,0.1,6683,3783,10466,10699,56.0
STATES:,13,Madhya Pradesh,2039,1022,3061,3069,7.2,2039,1022,3061,3069,7.2,0,0,0,0,0.0,0,128,128,128,0.3,37,13,50,55,0.1,13,13,26,29,0.1,7,13,20,23,0.0,6,0,6,6,0.0,1360,1354,2714,2704,6.4,1360,1339,2699,2704,6.3,0,15,15,15,0.0,661,577,1238,1238,2.9,661,577,1238,1238,2.9,0,0,0,0,0.0,26,32,58,58,0.1,26,32,58,58,0.1,0,0,0,0,0.0,51,62,113,113,0.3,51,62,113,113,0.3,0,0,0,0,0.0,462,382,844,830,2.0,462,367,829,815,1.9,0,15,15,15,0.0,116,148,264,264,0.6,114,148,262,262,0.6,2,0,2,2,0.0,232,218,450,451,1.1,4626,2888,7514,7514,17.6,729,34,763,763,1.8,17,18,35,35,0.1,712,16,728,728,1.7,5,1,6,6,0.0,10,3,13,13,0.0,2,0,2,2,0.0,0,1,1,1,0.0,350,296,646,658,1.5,4,5,9,9,0.0,1,2,3,4,0.0,4682,4262,8944,9011,21.0,4668,4209,8877,8942,20.8,0,0,0,0,0.0,1,2,3,3,0.0,0,0,0,0,0.0,13,51,64,66,0.2,15406,11441,26847,26950,62.9
STATES:,14,Maharashtra,2161,930,3091,3096,5.0,2149,927,3076,3081,5.0,12,3,15,15,0.0,0,138,138,138,0.2,9,15,24,25,0.0,0,0,0,0,0.0,0,0,0,0,0.0,0,0,0,0,0.0,2973,2884,5857,5954,9.6,2973,2851,5824,5954,9.5,0,33,33,35,0.1,1579,1062,2641,2637,4.3,1579,1035,2614,2637,4.3,0,27,27,38,0.0,294,274,568,583,0.9,294,273,567,583,0.9,0,1,1,1,0.0,128,120,248,257,0.4,128,120,248,257,0.4,0,0,0,0,0.0,1309,1053,2362,2393,3.9,1309,1049,2358,2388,3.8,0,4,4,5,0.0,705,760,1465,1473,2.4,705,760,1465,1473,2.4,0,0,0,0,0.0,76,67,143,155,0.2,8410,2128,10538,10618,17.2,73,38,111,112,0.2,46,21,67,67,0.1,27,17,44,45,0.1,53,39,92,92,0.2,15,7,22,25,0.0,1,0,1,1,0.0,0,0,0,0,0.0,389,281,670,684,1.1,4,7,11,11,0.0,1,2,3,3,0.0,5195,5232,10427,10576,17.0,5156,5130,10286,10435,16.8,3,1,4,4,0.0,14,11,25,25,0.0,0,0,0,0,0.0,22,90,112,112,0.2,23375,15037,38412,38912,62.7
STATES:,15,Manipur,15,4,19,19,1.2,15,4,19,19,1.2,0,0,0,0,0.0,0,1,1,1,0.1,0,0,0,0,0.0,0,0,0,0,0.0,0,0,0,0,0.0,0,0,0,0,0.0,36,16,52,52,3.2,36,14,50,52,3.1,0,2,2,2,0.1,0,0,0,0,0.0,0,0,0,0,0.0,0,0,0,0,0.0,0,2,2,2,0.1,0,2,2,2,0.1,0,0,0,0,0.0,3,2,5,4,0.3,3,1,4,4,0.2,0,1,1,1,0.1,1,0,1,1,0.1,1,0,1,1,0.1,0,0,0,0,0.0,3,1,4,4,0.2,3,1,4,4,0.2,0,0,0,0,0.0,0,0,0,0,0.0,7,5,12,12,0.7,5,2,7,7,0.4,5,2,7,7,0.4,0,0,0,0,0.0,0,0,0,0,0.0,5,7,12,12,0.7,0,0,0,0,0.0,0,0,0,0,0.0,2,2,4,4,0.2,1,0,1,1,0.1,0,0,0,0,0.0,3,4,7,9,0.4,3,1,4,5,0.2,0,0,0,0,0.0,0,0,0,0,0.0,0,1,1,1,0.1,0,2,2,3,0.1,81,46,127,131,7.8
STATES:,16,Meghalaya,25,32,57,57,3.4,25,26,51,51,3.0,0,6,6,6,0.4,0,6,6,6,0.4,0,0,0,0,0.0,3,0,3,3,0.2,3,0,3,3,0.2,0,0,0,0,0.0,16,15,31,32,1.8,16,15,31,32,1.8,0,0,0,0,0.0,3,13,16,16,0.9,3,13,16,16,0.9,0,0,0,0,0.0,1,1,2,2,0.1,1,1,2,2,0.1,0,0,0,0,0.0,0,0,0,0,0.0,0,0,0,0,0.0,0,0,0,0,0.0,1,2,3,3,0.2,1,2,3,3,0.2,0,0,0,0,0.0,9,14,23,23,1.4,9,14,23,23,1.4,0,0,0,0,0.0,0,0,0,0,0.0,6,4,10,10,0.6,0,4,4,4,0.2,0,2,2,2,0.1,0,2,2,2,0.1,0,0,0,0,0.0,2,1,3,3,0.2,0,0,0,0,0.0,0,0,0,0,0.0,2,0,2,2,0.1,0,0,0,0,0.0,0,0,0,0,0.0,37,19,56,69,3.3,32,13,45,57,2.7,0,0,0,0,0.0,1,1,2,2,0.1,0,0,0,0,0.0,4,5,9,10,0.5,105,111,216,230,12.8
STATES:,17,Mizoram,12,8,20,20,3.2,12,8,20,20,3.2,0,0,0,0,0.0,0,1,1,1,0.2,0,0,0,0,0.0,0,1,1,1,0.2,0,1,1,1,0.2,0,0,0,0,0.0,15,15,30,30,4.8,15,15,30,30,4.8,0,0,0,0,0.0,10,16,26,26,4.2,10,16,26,26,4.2,0,0,0,0,0.0,1,0,1,1,0.2,1,0,1,1,0.2,0,0,0,0,0.0,2,2,4,4,0.6,2,2,4,4,0.6,0,0,0,0,0.0,1,0,1,1,0.2,1,0,1,1,0.2,0,0,0,0,0.0,0,1,1,1,0.2,0,1,1,1,0.2,0,0,0,0,0.0,0,0,0,0,0.0,5,3,8,8,1.3,0,0,0,0,0.0,0,0,0,0,0.0,0,0,0,0,0.0,0,0,0,0,0.0,0,0,0,0,0.0,0,0,0,0,0.0,0,0,0,0,0.0,0,0,0,0,0.0,0,0,0,0,0.0,0,0,0,0,0.0,0,0,0,0,0.0,0,0,0,0,0.0,0,0,0,0,0.0,0,0,0,0,0.0,0,0,0,0,0.0,0,0,0,0,0.0,46,47,93,93,15.0
STATES:,18,Nagaland,9,5,14,14,1.3,6,3,9,9,0.8,3,2,5,5,0.5,0,0,0,0,0.0,0,0,0,0,0.0,0,1,1,1,0.1,0,1,1,1,0.1,0,0,0,0,0.0,1,8,9,2,0.8,1,1,2,2,0.2,0,7,7,12,0.6,0,4,4,0,0.4,0,0,0,0,0.0,0,4,4,4,0.4,0,3,3,2,0.3,0,2,2,2,0.2,0,1,1,1,0.1,0,0,0,0,0.0,0,0,0,0,0.0,0,0,0,0,0.0,0,0,0,0,0.0,0,0,0,0,0.0,0,0,0,0,0.0,0,0,0,0,0.0,0,0,0,0,0.0,0,0,0,0,0.0,0,0,0,0,0.0,2,2,4,4,0.4,0,0,0,0,0.0,0,0,0,0,0.0,0,0,0,0,0.0,0,0,0,0,0.0,0,0,0,0,0.0,0,0,0,0,0.0,0,0,0,0,0.0,0,0,0,0,0.0,0,0,0,0,0.0,0,0,0,0,0.0,2,1,3,3,0.3,1,1,2,2,0.2,0,0,0,0,0.0,0,0,0,0,0.0,0,0,0,0,0.0,1,0,1,1,0.1,14,24,38,43,3.5
STATES:,19,Odisha,624,644,1268,1268,5.5,624,644,1268,1268,5.5,0,0,0,0,0.0,0,2,2,2,0.0,10,7,17,17,0.1,8,110,118,118,0.5,8,110,118,118,0.5,0,0,0,0,0.0,3640,3659,7299,7299,31.5,3640,3659,7299,7299,31.5,0,0,0,0,0.0,533,549,1082,1082,4.7,533,549,1082,1082,4.7,0,0,0,0,0.0,909,930,1839,1839,7.9,909,930,1839,1839,7.9,0,0,0,0,0.0,1,110,111,111,0.5,1,110,111,111,0.5,0,0,0,0,0.0,175,190,365,365,1.6,175,190,365,365,1.6,0,0,0,0,0.0,281,301,582,582,2.5,281,301,582,582,2.5,0,0,0,0,0.0,165,35,200,200,0.9,2562,2547,5109,5109,22.0,0,0,0,0,0.0,0,0,0,0,0.0,0,0,0,0,0.0,7,0,7,7,0.0,0,0,0,0,0.0,0,0,0,0,0.0,0,0,0,0,0.0,0,0,0,0,0.0,1,3,4,4,0.0,3,0,3,3,0.0,3095,3112,6207,6208,26.8,3095,3112,6207,6208,26.8,0,0,0,0,0.0,0,0,0,0,0.0,0,0,0,0,0.0,0,0,0,0,0.0,12014,12199,24213,24214,104.4
STATES:,20,Punjab,278,197,475,477,3.2,278,197,475,477,3.2,0,0,0,0,0.0,0,0,0,0,0.0,4,2,6,6,0.0,10,10,20,20,0.1,9,6,15,15,0.1,1,4,5,5,0.0,201,189,390,378,2.6,201,175,376,378,2.6,0,14,14,15,0.1,62,64,126,106,0.9,62,44,106,106,0.7,0,20,20,20,0.1,39,8,47,46,0.3,39,7,46,46,0.3,0,1,1,1,0.0,13,4,17,16,0.1,13,3,16,16,0.1,0,1,1,1,0.0,39,16,55,54,0.4,39,14,53,52,0.4,0,2,2,2,0.0,16,13,29,29,0.2,16,13,29,29,0.2,0,0,0,0,0.0,17,22,39,39,0.3,1361,281,1642,1642,11.1,806,750,1556,1568,10.6,138,62,200,202,1.4,668,688,1356,1366,9.2,0,3,3,3,0.0,27,5,32,32,0.2,0,0,0,0,0.0,0,0,0,0,0.0,92,64,156,158,1.1,2,2,4,4,0.0,0,0,0,0,0.0,17,42,59,63,0.4,4,29,33,35,0.2,0,0,0,0,0.0,1,0,1,1,0.0,0,0,0,0,0.0,12,13,25,27,0.2,2984,1672,4656,4680,31.6
STATES:,21,Rajasthan,3527,1344,4871,4888,12.2,3527,1344,4871,4888,12.2,0,0,0,0,0.0,0,9,9,9,0.0,23,15,38,38,0.1,517,261,778,797,1.9,517,261,778,797,1.9,0,0,0,0,0.0,5046,3230,8276,8310,20.7,5046,3230,8276,8310,20.7,0,0,0,0,0.0,537,844,1381,1381,3.4,537,844,1381,1381,3.4,0,0,0,0,0.0,581,604,1185,1185,3.0,581,604,1185,1185,3.0,0,0,0,0,0.0,34,52,86,86,0.2,34,52,86,86,0.2,0,0,0,0,0.0,225,127,352,352,0.9,225,127,352,352,0.9,0,0,0,0,0.0,152,135,287,292,0.7,152,135,287,292,0.7,0,0,0,0,0.0,206,180,386,387,1.0,9096,1482,10578,10728,26.4,1147,392,1539,1544,3.8,853,356,1209,1214,3.0,294,36,330,330,0.8,55,19,74,74,0.2,51,21,72,72,0.2,0,0,0,0,0.0,0,0,0,0,0.0,83,11,94,95,0.2,2,2,4,4,0.0,2,1,3,3,0.0,2186,1856,4042,4385,10.1,1814,1468,3282,3584,8.2,2,7,9,9,0.0,3,9,12,12,0.0,0,0,0,0,0.0,367,372,739,780,1.8,23470,10585,34055,34630,85.0
STATES:,22,Sikkim,5,2,7,7,2.1,5,2,7,7,2.1,0,0,0,0,0.0,0,0,0,0,0.0,0,0,0,0,0.0,0,0,0,0,0.0,0,0,0,0,0.0,0,0,0,0,0.0,6,2,8,8,2.4,6,2,8,8,2.4,0,0,0,0,0.0,0,4,4,4,1.2,0,4,4,4,1.2,0,0,0,0,0.0,0,0,0,0,0.0,0,0,0,0,0.0,0,0,0,0,0.0,0,0,0,0,0.0,0,0,0,0,0.0,0,0,0,0,0.0,0,1,1,1,0.3,0,1,1,1,0.3,0,0,0,0,0.0,5,1,6,8,1.8,5,1,6,8,1.8,0,0,0,0,0.0,0,0,0,0,0.0,1,1,2,2,0.6,0,0,0,0,0.0,0,0,0,0,0.0,0,0,0,0,0.0,1,0,1,1,0.3,0,0,0,0,0.0,0,0,0,0,0.0,0,0,0,0,0.0,0,0,0,0,0.0,0,0,0,0,0.0,0,0,0,0,0.0,14,9,23,28,7.0,14,9,23,28,7.0,0,0,0,0,0.0,0,0,0,0,0.0,0,0,0,0,0.0,0,0,0,0,0.0,32,20,52,59,15.8
STATES:,23,Tamil Nadu,286,133,419,419,1.1,286,133,419,419,1.1,0,0,0,0,0.0,0,24,24,24,0.1,3,3,6,6,0.0,18,15,33,33,0.1,18,15,33,33,0.1,0,0,0,0,0.0,664,573,1237,1242,3.2,664,572,1236,1242,3.2,0,1,1,1,0.0,210,211,421,421,1.1,210,206,416,421,1.1,0,5,5,5,0.0,29,23,52,52,0.1,29,23,52,52,0.1,0,0,0,0,0.0,34,31,65,65,0.2,34,31,65,65,0.2,0,0,0,0,0.0,65,48,113,113,0.3,65,48,113,113,0.3,0,0,0,0,0.0,38,56,94,94,0.2,38,56,94,94,0.2,0,0,0,0,0.0,4,3,7,7,0.0,657,213,870,881,2.2,72,28,100,102,0.3,43,16,59,59,0.2,29,12,41,43,0.1,0,0,0,0,0.0,3,0,3,3,0.0,0,0,0,0,0.0,0,0,0,0,0.0,102,53,155,155,0.4,1,0,1,1,0.0,0,1,1,1,0.0,43,38,81,93,0.2,24,32,56,67,0.1,2,0,2,3,0.0,2,3,5,5,0.0,0,0,0,0,0.0,15,3,18,18,0.0,2229,1453,3682,3718,9.5
STATES:,24,Telangana,719,429,1148,1159,6.0,719,429,1148,1159,6.0,0,0,0,0,0.0,0,183,183,183,1.0,12,6,18,18,0.1,34,25,59,59,0.3,31,21,52,52,0.3,3,4,7,7,0.0,1228,928,2156,2287,11.3,1228,888,2116,2287,11.1,0,40,40,40,0.2,486,512,998,986,5.2,486,493,979,986,5.1,0,19,19,21,0.1,81,46,127,125,0.7,81,44,125,125,0.7,0,2,2,2,0.0,143,86,229,229,1.2,143,86,229,229,1.2,0,0,0,0,0.0,1233,1122,2355,2461,12.4,1233,1078,2311,2417,12.1,0,44,44,44,0.2,352,584,936,1025,4.9,352,582,934,1023,4.9,0,2,2,2,0.0,69,75,144,144,0.8,6464,3597,10061,10061,52.8,134,29,163,163,0.9,38,27,65,65,0.3,96,2,98,98,0.5,1,0,1,1,0.0,30,2,32,32,0.2,0,0,0,0,0.0,0,0,0,0,0.0,232,192,424,427,2.2,1,0,1,1,0.0,0,1,1,1,0.0,1246,1002,2248,2366,11.8,1131,966,2097,2211,11.0,0,0,0,0,0.0,0,0,0,0,0.0,0,0,0,0,0.0,115,36,151,155,0.8,12465,8819,21284,21835,111.7
STATES:,25,Tripura,46,18,64,64,3.1,46,18,64,64,3.1,0,0,0,0,0.0,0,1,1,1,0.0,0,0,0,0,0.0,6,3,9,9,0.4,6,3,9,9,0.4,0,0,0,0,0.0,30,13,43,45,2.1,30,13,43,45,2.1,0,0,0,0,0.0,5,6,11,11,0.5,5,6,11,11,0.5,0,0,0,0,0.0,5,13,18,18,0.9,5,13,18,18,0.9,0,0,0,0,0.0,0,0,0,0,0.0,0,0,0,0,0.0,0,0,0,0,0.0,0,0,0,0,0.0,0,0,0,0,0.0,0,0,0,0,0.0,1,1,2,2,0.1,1,1,2,2,0.1,0,0,0,0,0.0,10,10,20,20,1.0,179,78,257,258,12.5,17,9,26,26,1.3,6,1,7,7,0.3,11,8,19,19,0.9,0,0,0,0,0.0,25,16,41,42,2.0,0,0,0,0,0.0,0,0,0,0,0.0,12,6,18,18,0.9,0,0,0,0,0.0,0,0,0,0,0.0,15,20,35,36,1.7,13,19,32,33,1.6,0,0,0,0,0.0,1,1,2,2,0.1,0,0,0,0,0.0,1,0,1,1,0.0,351,194,545,550,26.5
STATES:,26,Uttar Pradesh,1955,1254,3209,3287,2.8,1789,1145,2934,3009,2.6,166,109,275,278,0.2,0,285,285,289,0.2,19,4,23,23,0.0,88,20,108,108,0.1,69,18,87,87,0.1,19,2,21,21,0.0,1895,2523,4418,4300,3.9,1895,2326,4221,4300,3.7,0,197,197,197,0.2,1398,1243,2641,2659,2.3,1398,1149,2547,2659,2.2,0,94,94,106,0.1,581,483,1064,1049,0.9,581,465,1046,1049,0.9,0,18,18,18,0.0,44,53,97,96,0.1,44,52,96,96,0.1,0,1,1,1,0.0,193,155,348,344,0.3,193,149,342,338,0.3,0,6,6,6,0.0,46,23,69,69,0.1,46,23,69,69,0.1,0,0,0,0,0.0,1047,991,2038,2057,1.8,12561,8705,21266,21372,18.6,5306,2553,7859,7919,6.9,3165,2107,5272,5324,4.6,2141,446,2587,2595,2.3,11,8,19,19,0.0,0,0,0,0,0.0,0,0,0,0,0.0,0,0,0,0,0.0,165,157,322,325,0.3,11,4,15,15,0.0,1,0,1,1,0.0,3301,6283,9584,10279,8.4,3152,6098,9250,9945,8.1,4,7,11,11,0.0,1,0,1,1,0.0,0,0,0,0,0.0,144,178,322,322,0.3,28622,24744,53366,54539,46.6
STATES:,27,Uttarakhand,240,65,305,305,5.3,240,65,305,305,5.3,0,0,0,0,0.0,0,10,10,10,0.2,0,0,0,0,0.0,1,2,3,3,0.1,1,2,3,3,0.1,0,0,0,0,0.0,211,105,316,350,5.5,211,101,312,350,5.4,0,4,4,4,0.1,27,48,75,68,1.3,27,41,68,68,1.2,0,7,7,7,0.1,14,64,78,76,1.4,14,62,76,76,1.3,0,2,2,2,0.0,5,6,11,11,0.2,5,6,11,11,0.2,0,0,0,0,0.0,22,23,45,41,0.8,22,19,41,37,0.7,0,4,4,4,0.1,3,7,10,10,0.2,3,6,9,9,0.2,0,1,1,1,0.0,32,9,41,41,0.7,126,35,161,164,2.8,132,1,133,133,2.3,35,1,36,36,0.6,97,0,97,97,1.7,1,0,1,1,0.0,0,0,0,0,0.0,0,1,1,1,0.0,1,0,1,1,0.0,5,2,7,7,0.1,1,0,1,1,0.0,0,0,0,0,0.0,289,269,558,598,9.7,101,197,298,298,5.2,1,0,1,1,0.0,0,0,0,0,0.0,0,0,0,0,0.0,187,72,259,299,4.5,1110,647,1757,1838,30.6
STATES:,28,West Bengal,554,564,1118,1118,2.3,554,564,1118,1118,2.3,0,0,0,0,0.0,0,165,165,165,0.3,2,3,5,5,0.0,466,343,809,838,1.7,466,343,809,838,1.7,0,0,0,0,0.0,406,551,957,959,2.0,406,551,957,959,2.0,0,0,0,0,0.0,200,309,509,509,1.0,200,309,509,509,1.0,0,0,0,0,0.0,210,265,475,476,1.0,210,265,475,476,1.0,0,0,0,0,0.0,101,127,228,228,0.5,101,127,228,228,0.5,0,0,0,0,0.0,155,165,320,322,0.7,155,165,320,322,0.7,0,0,0,0,0.0,192,221,413,413,0.8,192,221,413,413,0.8,0,0,0,0,0.0,186,151,337,354,0.7,9767,9563,19330,19666,39.5,108,165,273,273,0.6,15,66,81,81,0.2,93,99,192,192,0.4,5,16,21,21,0.0,13,3,16,16,0.0,0,0,0,0,0.0,0,0,0,0,0.0,210,185,395,402,0.8,13,17,30,30,0.1,3,3,6,6,0.0,2668,3477,6145,6301,12.6,1703,2569,4272,4354,8.7,4,3,7,7,0.0,11,23,34,34,0.1,1,0,1,1,0.0,949,882,1831,1905,3.7,15259,16293,31552,32102,64.5
STATES:,,TOTAL STATE(S),18560,9531,28091,28266,4.2,18117,9252,27369,27536,4.1,443,279,722,730,0.1,0,1285,1285,1289,0.2,156,101,257,264,0.0,1497,1051,2548,2611,0.4,1450,1035,2485,2548,0.4,47,16,63,63,0.0,24601,21551,46152,46678,6.9,24601,21172,45773,46678,6.9,0,379,379,391,0.1,7926,7281,15207,15211,2.3,7926,7019,14945,15211,2.2,0,262,262,297,0.0,4242,3798,8040,8161,1.2,4242,3760,8002,8161,1.2,0,38,38,39,0.0,802,867,1669,1684,0.3,802,860,1662,1684,0.3,0,7,7,7,0.0,5248,4408,9656,9748,1.5,5248,4287,9535,9626,1.4,0,121,121,122,0.0,4259,4678,8937,9077,1.3,4245,4664,8909,9049,1.3,14,14,28,28,0.0,2992,2626,5618,5690,0.8,73624,41384,115008,115943,17.3,17207,11330,28537,28669,4.3,8667,6693,15360,15440,2.3,8540,4637,13177,13229,2.0,168,124,292,292,0.0,1018,641,1659,1668,0.2,4,7,11,12,0.0,1,3,4,4,0.0,2317,1847,4164,4225,0.6,68,49,117,125,0.0,13,14,27,28,0.0,29904,33308,63212,65319,9.5,25759,28889,54648,56423,8.2,32,28,60,62,0.0,47,67,114,115,0.0,1,1,2,2,0.0,4065,4323,8388,8717,1.3,194607,145884,340491,345820,51.3
UNION TERRITORIES:,29,A&N Islands,6,1,7,7,3.7,6,1,7,7,3.7,0,0,0,0,0.0,0,0,0,0,0.0,1,0,1,1,0.5,0,0,0,0,0.0,0,0,0,0,0.0,0,0,0,0,0.0,9,6,15,15,7.9,9,5,14,15,7.4,0,1,1,1,0.5,6,5,11,11,5.8,6,5,11,11,5.8,0,0,0,0,0.0,0,0,0,0,0.0,0,0,0,0,0.0,0,0,0,0,0.0,3,1,4,4,2.1,3,1,4,4,2.1,0,0,0,0,0.0,1,2,3,2,1.6,1,1,2,1,1.1,0,1,1,1,0.5,5,1,6,7,3.2,5,1,6,7,3.2,0,0,0,0,0.0,0,0,0,0,0.0,0,2,2,2,1.1,0,0,0,0,0.0,0,0,0,0,0.0,0,0,0,0,0.0,0,0,0,0,0.0,0,0,0,0,0.0,0,0,0,0,0.0,0,0,0,0,0.0,0,0,0,0,0.0,0,0,0,0,0.0,0,0,0,0,0.0,6,6,12,15,6.3,6,6,12,15,6.3,0,0,0,0,0.0,0,0,0,0,0.0,0,0,0,0,0.0,0,0,0,0,0.0,37,24,61,66,32.1
UNION TERRITORIES:,30,Chandigarh,73,23,96,96,16.6,46,3,49,49,8.4,27,20,47,47,8.1,0,0,0,0,0.0,1,0,1,1,0.2,2,0,2,2,0.3,1,0,1,1,0.2,1,0,1,1,0.2,5,2,7,7,1.2,5,2,7,7,1.2,0,0,0,0,0.0,7,5,12,11,2.1,7,4,11,11,1.9,0,1,1,1,0.2,0,1,1,1,0.2,0,1,1,1,0.2,0,0,0,0,0.0,4,2,6,6,1.0,4,2,6,6,1.0,0,0,0,0,0.0,3,2,5,4,0.9,3,1,4,3,0.7,0,1,1,1,0.2,5,2,7,7,1.2,5,2,7,7,1.2,0,0,0,0,0.0,2,1,3,3,0.5,160,2,162,162,27.9,1,2,3,3,0.5,0,0,0,0,0.0,1,2,3,3,0.5,0,0,0,0,0.0,0,1,1,1,0.2,0,0,0,0,0.0,0,0,0,0,0.0,0,0,0,0,0.0,0,0,0,0,0.0,0,0,0,0,0.0,69,69,138,138,23.8,68,69,137,137,23.6,1,0,1,1,0.2,0,0,0,0,0.0,0,0,0,0,0.0,0,0,0,0,0.0,332,112,444,444,76.6
UNION TERRITORIES:,31,D&N Haveli and Daman & Diu,7,4,11,11,2.4,5,0,5,5,1.1,2,4,6,6,1.3,0,1,1,1,0.2,0,0,0,0,0.0,0,0,0,0,0.0,0,0,0,0,0.0,0,0,0,0,0.0,2,1,3,2,0.7,2,0,2,2,0.4,0,1,1,1,0.2,3,0,3,3,0.7,3,0,3,3,0.7,0,0,0,0,0.0,0,0,0,0,0.0,0,0,0,0,0.0,0,0,0,0,0.0,0,0,0,0,0.0,0,0,0,0,0.0,0,0,0,0,0.0,0,0,0,0,0.0,0,0,0,0,0.0,0,0,0,0,0.0,1,2,3,3,0.7,1,2,3,3,0.7,0,0,0,0,0.0,0,0,0,0,0.0,2,1,3,3,0.7,0,0,0,0,0.0,0,0,0,0,0.0,0,0,0,0,0.0,0,0,0,0,0.0,0,0,0,0,0.0,0,0,0,0,0.0,0,0,0,0,0.0,1,0,1,1,0.2,0,0,0,0,0.0,0,0,0,0,0.0,20,12,32,32,7.0,20,11,31,31,6.7,0,0,0,0,0.0,0,0,0,0,0.0,0,0,0,0,0.0,0,1,1,1,0.2,36,21,57,57,12.4
UNION TERRITORIES:,32,Delhi,860,198,1058,1089,10.3,860,198,1058,1089,10.3,0,0,0,0,0.0,0,35,35,35,0.3,4,2,6,7,0.1,1,0,1,1,0.0,1,0,1,1,0.0,0,0,0,0,0.0,426,329,755,765,7.4,426,329,755,765,7.4,0,0,0,0,0.0,179,137,316,324,3.1,179,137,316,324,3.1,0,0,0,0,0.0,152,127,279,285,2.7,152,127,279,285,2.7,0,0,0,0,0.0,16,22,38,38,0.4,16,22,38,38,0.4,0,0,0,0,0.0,117,61,178,185,1.7,117,61,178,185,1.7,0,0,0,0,0.0,203,147,350,357,3.4,203,147,350,357,3.4,0,0,0,0,0.0,58,51,109,111,1.1,4428,219,4647,4651,45.3,4,1,5,5,0.0,0,1,1,1,0.0,4,0,4,4,0.0,2,1,3,3,0.0,1,0,1,1,0.0,0,0,0,0,0.0,0,0,0,0,0.0,23,11,34,37,0.3,1,0,1,1,0.0,0,5,5,5,0.0,2030,1944,3974,4073,38.8,1982,1829,3811,3907,37.2,0,0,0,0,0.0,1,2,3,3,0.0,0,0,0,0,0.0,47,113,160,163,1.6,8505,3290,11795,11973,115.1
UNION TERRITORIES:,33,Jammu & Kashmir,166,95,261,261,4.0,159,93,252,252,3.8,7,2,9,9,0.1,0,4,4,4,0.1,0,0,0,0,0.0,2,7,9,9,0.1,2,7,9,9,0.1,0,0,0,0,0.0,777,567,1344,1349,20.5,777,566,1343,1349,20.5,0,1,1,1,0.0,0,39,39,39,0.6,0,39,39,39,0.6,0,0,0,0,0.0,63,15,78,79,1.2,63,15,78,79,1.2,0,0,0,0,0.0,0,2,2,2,0.0,0,2,2,2,0.0,0,0,0,0,0.0,3,10,13,13,0.2,3,10,13,13,0.2,0,0,0,0,0.0,11,5,16,25,0.2,11,5,16,25,0.2,0,0,0,0,0.0,5,2,7,7,0.1,237,143,380,380,5.8,203,197,400,402,6.1,201,191,392,394,6.0,2,6,8,8,0.1,2,2,4,4,0.1,0,0,0,0,0.0,0,0,0,0,0.0,0,0,0,0,0.0,14,4,18,18,0.3,0,0,0,0,0.0,0,0,0,0,0.0,243,203,446,451,6.8,179,203,382,387,5.8,0,0,0,0,0.0,0,0,0,0,0.0,0,0,0,0,0.0,64,0,64,64,1.0,1726,1295,3021,3044,46.1
UNION TERRITORIES:,34,Ladakh,0,1,1,1,0.8,0,1,1,1,0.8,0,0,0,0,0.0,0,0,0,0,0.0,0,0,0,0,0.0,1,0,1,1,0.8,1,0,1,1,0.8,0,0,0,0,0.0,4,0,4,4,3.1,4,0,4,4,3.1,0,0,0,0,0.0,0,0,0,0,0.0,0,0,0,0,0.0,0,0,0,0,0.0,0,0,0,0,0.0,0,0,0,0,0.0,0,0,0,0,0.0,0,0,0,0,0.0,0,0,0,0,0.0,0,0,0,0,0.0,0,1,1,1,0.8,0,1,1,1,0.8,0,0,0,0,0.0,1,3,4,4,3.1,1,3,4,4,3.1,0,0,0,0,0.0,0,0,0,0,0.0,4,5,9,9,6.9,0,4,4,4,3.1,0,4,4,4,3.1,0,0,0,0,0.0,0,0,0,0,0.0,0,0,0,0,0.0,0,0,0,0,0.0,0,0,0,0,0.0,0,0,0,0,0.0,0,0,0,0,0.0,0,0,0,0,0.0,0,3,3,3,2.3,0,3,3,3,2.3,0,0,0,0,0.0,0,0,0,0,0.0,0,0,0,0,0.0,0,0,0,0,0.0,10,17,27,27,20.8
UNION TERRITORIES:,35,Lakshadweep,2,0,2,2,6.7,2,0,2,2,6.7,0,0,0,0,0.0,0,0,0,0,0.0,0,0,0,0,0.0,0,0,0,0,0.0,0,0,0,0,0.0,0,0,0,0,0.0,4,1,5,5,16.7,4,1,5,5,16.7,0,0,0,0,0.0,0,0,0,0,0.0,0,0,0,0,0.0,0,0,0,0,0.0,0,0,0,0,0.0,0,0,0,0,0.0,0,0,0,0,0.0,0,0,0,0,0.0,0,0,0,0,0.0,0,0,0,0,0.0,0,0,0,0,0.0,0,0,0,0,0.0,0,0,0,0,0.0,0,0,0,0,0.0,0,0,0,0,0.0,0,0,0,0,0.0,0,0,0,0,0.0,1,0,1,1,3.3,0,0,0,0,0.0,0,0,0,0,0.0,0,0,0,0,0.0,0,0,0,0,0.0,0,0,0,0,0.0,0,0,0,0,0.0,0,0,0,0,0.0,0,0,0,0,0.0,0,0,0,0,0.0,0,0,0,0,0.0,0,0,0,0,0.0,0,0,0,0,0.0,0,0,0,0,0.0,0,0,0,0,0.0,0,0,0,0,0.0,0,0,0,0,0.0,7,1,8,8,26.7
UNION TERRITORIES:,36,Puducherry,9,0,9,9,1.0,9,0,9,9,1.0,0,0,0,0,0.0,0,0,0,0,0.0,1,0,1,1,0.1,0,0,0,0,0.0,0,0,0,0,0.0,0,0,0,0,0.0,1,17,18,18,2.0,1,17,18,18,2.0,0,0,0,0,0.0,9,12,21,21,2.4,9,12,21,21,2.4,0,0,0,0,0.0,6,5,11,11,1.2,6,5,11,11,1.2,0,0,0,0,0.0,2,1,3,3,0.3,2,1,3,3,0.3,0,0,0,0,0.0,2,7,9,9,1.0,2,7,9,9,1.0,0,0,0,0,0.0,10,5,15,15,1.7,10,5,15,15,1.7,0,0,0,0,0.0,0,0,0,0,0.0,14,1,15,15,1.7,0,0,0,0,0.0,0,0,0,0,0.0,0,0,0,0,0.0,0,0,0,0,0.0,0,0,0,0,0.0,0,0,0,0,0.0,0,0,0,0,0.0,2,1,3,3,0.3,0,0,0,0,0.0,0,0,0,0,0.0,6,6,12,12,1.3,6,6,12,12,1.3,0,0,0,0,0.0,0,0,0,0,0.0,0,0,0,0,0.0,0,0,0,0,0.0,62,55,117,117,13.1
UNION TERRITORIES:,,TOTAL UT(S),1123,322,1445,1476,7.6,1087,296,1383,1414,7.2,36,26,62,62,0.3,0,40,40,40,0.2,7,2,9,10,0.0,6,7,13,13,0.1,5,7,12,12,0.1,1,0,1,1,0.0,1228,923,2151,2165,11.3,1228,920,2148,2165,11.3,0,3,3,3,0.0,204,198,402,409,2.1,204,197,401,409,2.1,0,1,1,1,0.0,221,148,369,376,1.9,221,148,369,376,1.9,0,0,0,0,0.0,25,28,53,53,0.3,25,28,53,53,0.3,0,0,0,0,0.0,126,83,209,214,1.1,126,81,207,212,1.1,0,2,2,2,0.0,236,165,401,418,2.1,236,165,401,418,2.1,0,0,0,0,0.0,65,54,119,121,0.6,4846,373,5219,5223,27.3,208,204,412,414,2.2,201,196,397,399,2.1,7,8,15,15,0.1,4,3,7,7,0.0,1,1,2,2,0.0,0,0,0,0,0.0,0,0,0,0,0.0,40,16,56,59,0.3,1,0,1,1,0.0,0,5,5,5,0.0,2374,2243,4617,4724,24.2,2261,2127,4388,4492,23.0,1,0,1,1,0.0,1,2,3,3,0.0,0,0,0,0,0.0,111,114,225,228,1.2,10715,4815,15530,15736,81.4
UNION TERRITORIES:,,TOTAL ALL INDIA,19683,9853,29536,29742,4.3,19204,9548,28752,28950,4.2,479,305,784,792,0.1,0,1325,1325,1329,0.2,163,103,266,274,0.0,1503,1058,2561,2624,0.4,1455,1042,2497,2560,0.4,48,16,64,64,0.0,25829,22474,48303,48843,7.1,25829,22092,47921,48843,7.0,0,382,382,394,0.1,8130,7479,15609,15620,2.3,8130,7216,15346,15620,2.2,0,263,263,298,0.0,4463,3946,8409,8537,1.2,4463,3908,8371,8537,1.2,0,38,38,39,0.0,827,895,1722,1737,0.3,827,888,1715,1737,0.3,0,7,7,7,0.0,5374,4491,9865,9962,1.4,5374,4368,9742,9838,1.4,0,123,123,124,0.0,4495,4843,9338,9495,1.4,4481,4829,9310,9467,1.4,14,14,28,28,0.0,3057,2680,5737,5811,0.8,78470,41757,120227,121166,17.6,17415,11534,28949,29083,4.2,8868,6889,15757,15839,2.3,8547,4645,13192,13244,1.9,172,127,299,299,0.0,1019,642,1661,1670,0.2,4,7,11,12,0.0,1,3,4,4,0.0,2357,1863,4220,4284,0.6,69,49,118,126,0.0,13,19,32,33,0.0,32278,35551,67829,70043,9.9,28020,31016,59036,60915,8.6,33,28,61,63,0.0,48,69,117,118,0.0,1,1,2,2,0.0,,,,,,,,,,
UNION TERRITORIES:,,TOTAL ALL,,,,,,,,,,,,,,,,,,,,,,,,,,,,,,,,,,,,,,,,,,,,,,,,,,,,,,,,,,,,,,,,,,,,,,,,,,,,,,,,,,,,,,,,,,,,,,,,,,,,,,,,,,,,,,,,,,,,,,,,,,,,,,,,,,,,,,,,,,,,,,,,,,,,,,,,,,,,,,,,,,,,,,,,,,,,,,,,,,,,,,,,,,,,,,,,,,,,,,,,,,,,,,,,,,,,,,,,4176,4437,8613,8945,1.3,205322,150699,356021,361556,52.1
