section,sl_no,State/UT,"Dowry Prohibition Act, 1961 | I","Dowry Prohibition Act, 1961 | V","Dowry Prohibition Act, 1961 | R",Immoral Traffic (Prevention) Act 1956 (Women Victim Cases only) | Immoral Traffic (Prevention) Act (Total a+b+c+d+e) | I,Immoral Traffic (Prevention) Act 1956 (Women Victim Cases only) | Immoral Traffic (Prevention) Act (Total a+b+c+d+e) | V,Immoral Traffic (Prevention) Act 1956 (Women Victim Cases only) | Immoral Traffic (Prevention) Act (Total a+b+c+d+e) | R,"Immoral Traffic (Prevention) Act 1956 (Women Victim Cases only) | a) Procuring, inducing Children for the sake of prostitution (Sec. 5) | I","Immoral Traffic (Prevention) Act 1956 (Women Victim Cases only) | a) Procuring, inducing Children for the sake of prostitution (Sec. 5) | V","Immoral Traffic (Prevention) Act 1956 (Women Victim Cases only) | a) Procuring, inducing Children for the sake of prostitution (Sec. 5) | R",Immoral Traffic (Prevention) Act 1956 (Women Victim Cases only) | b) Detaining a person in premises where prostitution is carried on(Sec. 6) | I,Immoral Traffic (Prevention) Act 1956 (Women Victim Cases only) | b) Detaining a person in premises where prostitution is carried on(Sec. 6) | V,Immoral Traffic (Prevention) Act 1956 (Women Victim Cases only) | b) Detaining a person in premises where prostitution is carried on(Sec. 6) | R,Immoral Traffic (Prevention) Act 1956 (Women Victim Cases only) | c) Prostitution in or in the vicinity of public places (Sec. 7) | I,Immoral Traffic (Prevention) Act 1956 (Women Victim Cases only) | c) Prostitution in or in the vicinity of public places (Sec. 7) | V,Immoral Traffic (Prevention) Act 1956 (Women Victim Cases only) | c) Prostitution in or in the vicinity of public places (Sec. 7) | R,Immoral Traffic (Prevention) Act 1956 (Women Victim Cases only) | d) Seducing or soliciting for purpose of prostitution (Sec. 8) | I,Immoral Traffic (Prevention) Act 1956 (Women Victim Cases only) | d) Seducing or soliciting for purpose of prostitution (Sec. 8) | V,Immoral Traffic (Prevention) Act 1956 (Women Victim Cases only) | d) Seducing or soliciting for purpose of prostitution (Sec. 8) | R,Immoral Traffic (Prevention) Act 1956 (Women Victim Cases only) | e) Other Sections under ITP Act | I,Immoral Traffic (Prevention) Act 1956 (Women Victim Cases only) | e) Other Sections under ITP Act | V,Immoral Traffic (Prevention) Act 1956 (Women Victim Cases only) | e) Other Sections under ITP Act | R,"Protection of Women from Domestic Violence Act, 2005 | I [249]","Protection of Women from Domestic Violence Act, 2005 | V [250]","Protection of Women from Domestic Violence Act, 2005 | R [251]",Cyber Crimes/Information Technology Act (Women Centric Crimes Only) | Cyber Crimes/Information Technology Act (Total a+b) | I [252],Cyber Crimes/Information Technology Act (Women Centric Crimes Only) | Cyber Crimes/Information Technology Act (Total a+b) | V [253],Cyber Crimes/Information Technology Act (Women Centric Crimes Only) | Cyber Crimes/Information Technology Act (Total a+b) | R [254],Cyber Crimes/Information Technology Act (Women Centric Crimes Only) | a) Publishing or Transmitting of Sexually Explicit Material (Sec 67A/67B(Girls) IT Act) | I [252],Cyber Crimes/Information Technology Act (Women Centric Crimes Only) | a) Publishing or Transmitting of Sexually Explicit Material (Sec 67A/67B(Girls) IT Act) | V [253],Cyber Crimes/Information Technology Act (Women Centric Crimes Only) | a) Publishing or Transmitting of Sexually Explicit Material (Sec 67A/67B(Girls) IT Act) | R [254],Cyber Crimes/Information Technology Act (Women Centric Crimes Only) | b) Other Women Centric Cyber Crimes (ex: Blackmailing/Defamation /Morphing/Fake Profile) | I [255],Cyber Crimes/Information Technology Act (Women Centric Crimes Only) | b) Other Women Centric Cyber Crimes (ex: Blackmailing/Defamation /Morphing/Fake Profile) | V [256],Cyber Crimes/Information Technology Act (Women Centric Crimes Only) | b) Other Women Centric Cyber Crimes (ex: Blackmailing/Defamation /Morphing/Fake Profile) | R [257],Protection of Children from Sexual Violence Act (Girl Child Victims Only) | POCSO Act (Total a+b+c+d+e) | I,Protection of Children from Sexual Violence Act (Girl Child Victims Only) | POCSO Act (Total a+b+c+d+e) | V,Protection of Children from Sexual Violence Act (Girl Child Victims Only) | POCSO Act (Total a+b+c+d+e) | R,Protection of Children from Sexual Violence Act (Girl Child Victims Only) | a) POCSO Act Sec. 4 & 6 | I,Protection of Children from Sexual Violence Act (Girl Child Victims Only) | a) POCSO Act Sec. 4 & 6 | V,Protection of Children from Sexual Violence Act (Girl Child Victims Only) | a) POCSO Act Sec. 4 & 6 | R,Protection of Children from Sexual Violence Act (Girl Child Victims Only) | b) POCSO Act Sec. 8 & 10 | I,Protection of Children from Sexual Violence Act (Girl Child Victims Only) | b) POCSO Act Sec. 8 & 10 | V,Protection of Children from Sexual Violence Act (Girl Child Victims Only) | b) POCSO Act Sec. 8 & 10 | R,Protection of Children from Sexual Violence Act (Girl Child Victims Only) | c) POCSO Act Sec. 12 | I,Protection of Children from Sexual Violence Act (Girl Child Victims Only) | c) POCSO Act Sec. 12 | V,Protection of Children from Sexual Violence Act (Girl Child Victims Only) | c) POCSO Act Sec. 12 | R,Protection of Children from Sexual Violence Act (Girl Child Victims Only) | d) POCSO Act Sec. 14 & 15 | I,Protection of Children from Sexual Violence Act (Girl Child Victims Only) | d) POCSO Act Sec. 14 & 15 | V,Protection of Children from Sexual Violence Act (Girl Child Victims Only) | d) POCSO Act Sec. 14 & 15 | R,Protection of Children from Sexual Violence Act (Girl Child Victims Only) | e) POCSO Act Sec. 17-22 | I,Protection of Children from Sexual Violence Act (Girl Child Victims Only) | e) POCSO Act Sec. 17-22 | V,Protection of Children from Sexual Violence Act (Girl Child Victims Only) | e) POCSO Act Sec. 17-22 | R,"Indecent Representation of Women (Prohibition) Act, | I","Indecent Representation of Women (Prohibition) Act, | V","Indecent Representation of Women (Prohibition) Act, | R",Total SLL Crimes against Women | I,Total SLL Crimes against Women | V,Total SLL Crimes against Women | R,Total Crime against Women (IPC/BNS + SLL Crimes) | I,Total Crime against Women (IPC/BNS + SLL Crimes) | V,Total Crime against Women (IPC/BNS + SLL Crimes) | R
STATES:,1,Andhra Pradesh,14,14,0.1,79,109,0.3,44,57,0.2,0,0,0.0,1,1,0.0,0,0,0.0,34,51,0.1,0,0,0.0,43,43,0.2,29,29,0.1,14,14,0.1,1778,1788,6.7,939,942,3.5,395,397,1.5,420,425,1.6,17,17,0.1,7,7,0.0,0,0,0.0,1914,1954,7.2,19952,20076,74.7
STATES:,2,Arunachal Pradesh,0,0,0.0,0,0,0.0,0,0,0.0,0,0,0.0,0,0,0.0,0,0,0.0,0,0,0.0,0,0,0.0,5,5,0.6,5,5,0.6,0,0,0.0,30,48,3.9,23,41,3.0,6,6,0.8,1,1,0.1,0,0,0.0,0,0,0.0,1,1,0.1,36,54,4.7,321,365,41.7
STATES:,3,Assam,120,120,0.7,18,18,0.1,0,0,0.0,3,3,0.0,0,0,0.0,0,0,0.0,15,15,0.1,0,0,0.0,81,87,0.5,81,87,0.5,0,0,0.0,2907,2945,16.4,2187,2216,12.3,506,508,2.8,177,184,1.0,18,18,0.1,19,19,0.1,0,0,0.0,3126,3170,17.6,10546,10760,59.3
STATES:,4,Bihar,3780,3780,6.1,42,127,0.1,19,96,0.0,14,22,0.0,2,2,0.0,3,3,0.0,4,4,0.0,0,0,0.0,122,122,0.2,12,12,0.0,110,110,0.2,2464,2566,4.0,1028,1062,1.7,1064,1131,1.7,190,190,0.3,178,179,0.3,4,4,0.0,0,0,0.0,6408,6595,10.3,27359,27637,44.1
STATES:,5,Chhattisgarh,1,1,0.0,3,3,0.0,0,0,0.0,0,0,0.0,2,2,0.0,0,0,0.0,1,1,0.0,0,0,0.0,292,292,1.9,290,290,1.9,2,2,0.0,2205,2232,14.4,1764,1784,11.6,404,411,2.6,34,34,0.2,0,0,0.0,3,3,0.0,0,0,0.0,2501,2528,16.4,8601,8670,56.3
STATES:,6,Goa,0,0,0.0,2,3,0.3,0,0,0.0,0,0,0.0,2,3,0.3,0,0,0.0,0,0,0.0,0,0,0.0,6,6,0.8,6,6,0.8,0,0,0.0,0,0,0.0,0,0,0.0,0,0,0.0,0,0,0.0,0,0,0.0,0,0,0.0,0,0,0.0,8,9,1.0,356,362,45.1
STATES:,7,Gujarat,1,1,0.0,36,64,0.1,2,7,0.0,5,17,0.0,19,28,0.1,3,3,0.0,7,9,0.0,1,1,0.0,74,69,0.2,61,56,0.2,13,13,0.0,2673,2676,7.7,2436,2439,7.1,202,202,0.6,31,31,0.1,2,2,0.0,2,2,0.0,1,1,0.0,2786,2812,8.1,7606,7673,22.0
STATES:,8,Haryana,7,7,0.0,22,27,0.2,8,8,0.1,0,0,0.0,5,10,0.0,0,0,0.0,9,9,0.1,1,1,0.0,99,99,0.7,92,92,0.6,7,7,0.0,2026,2048,14.0,1476,1487,10.2,450,455,3.1,90,96,0.6,5,5,0.0,5,5,0.0,1,1,0.0,2156,2183,14.9,13945,14048,96.4
STATES:,9,Himachal Pradesh,0,0,0.0,5,18,0.1,0,0,0.0,0,0,0.0,0,0,0.0,0,0,0.0,5,18,0.1,1,1,0.0,16,16,0.4,16,16,0.4,0,0,0.0,15,15,0.4,11,11,0.3,2,2,0.1,2,2,0.1,0,0,0.0,0,0,0.0,1,1,0.0,38,51,1.0,1605,1648,43.3
STATES:,10,Jharkhand,1101,1103,5.6,2,2,0.0,1,1,0.0,0,0,0.0,0,0,0.0,1,1,0.0,0,0,0.0,86,86,0.4,11,11,0.1,11,11,0.1,0,0,0.0,824,824,4.2,562,562,2.9,222,222,1.1,26,26,0.1,13,13,0.1,1,1,0.0,0,0,0.0,2024,2026,10.3,6367,6428,32.5
STATES:,11,Karnataka,1991,2024,5.9,252,479,0.7,110,238,0.3,50,73,0.1,48,98,0.1,0,0,0.0,44,70,0.1,0,0,0.0,135,137,0.4,133,135,0.4,2,2,0.0,4098,4140,12.2,3269,3276,9.7,556,571,1.7,255,271,0.8,11,11,0.0,7,11,0.0,0,0,0.0,6476,6780,19.3,19945,21092,59.3
STATES:,12,Kerala,17,17,0.1,5,6,0.0,1,1,0.0,2,3,0.0,0,0,0.0,0,0,0.0,2,2,0.0,496,505,2.7,101,107,0.5,94,100,0.5,7,7,0.0,3951,3969,21.1,1839,1841,9.8,1636,1644,8.8,433,439,2.3,31,32,0.2,12,13,0.1,1,1,0.0,4571,4605,24.5,15037,15304,80.5
STATES:,13,Madhya Pradesh,23,23,0.1,7,13,0.0,2,2,0.0,0,0,0.0,4,10,0.0,0,0,0.0,1,1,0.0,12,12,0.0,118,118,0.3,97,97,0.2,21,21,0.0,5825,5842,13.7,3698,3707,8.7,1936,1943,4.5,133,133,0.3,29,29,0.1,29,30,0.1,0,0,0.0,5985,6008,14.0,32832,32958,77.0
STATES:,14,Maharashtra,12,12,0.0,189,334,0.3,21,49,0.0,23,25,0.0,41,125,0.1,80,82,0.1,24,53,0.0,7,7,0.0,89,94,0.1,55,59,0.1,34,35,0.1,9245,9416,15.1,4722,4812,7.7,3757,3826,6.1,741,746,1.2,15,22,0.0,10,10,0.0,0,0,0.0,9542,9863,15.6,47954,48775,78.3
STATES:,15,Manipur,0,0,0.0,0,0,0.0,0,0,0.0,0,0,0.0,0,0,0.0,0,0,0.0,0,0,0.0,0,0,0.0,5,5,0.3,5,5,0.3,0,0,0.0,63,70,3.9,50,54,3.1,13,16,0.8,0,0,0.0,0,0,0.0,0,0,0.0,0,0,0.0,68,75,4.2,195,206,12.0
STATES:,16,Meghalaya,3,3,0.2,0,0,0.0,0,0,0.0,0,0,0.0,0,0,0.0,0,0,0.0,0,0,0.0,0,0,0.0,19,19,1.1,19,19,1.1,0,0,0.0,420,425,24.9,345,350,20.4,57,57,3.4,4,4,0.2,12,12,0.7,2,2,0.1,0,0,0.0,442,447,26.2,658,677,38.9
STATES:,17,Mizoram,0,0,0.0,0,0,0.0,0,0,0.0,0,0,0.0,0,0,0.0,0,0,0.0,0,0,0.0,0,0,0.0,18,18,2.9,18,18,2.9,0,0,0.0,148,159,23.9,100,103,16.1,46,52,7.4,2,4,0.3,0,0,0.0,0,0,0.0,0,0,0.0,166,177,26.8,259,270,41.8
STATES:,18,Nagaland,0,0,0.0,0,0,0.0,0,0,0.0,0,0,0.0,0,0,0.0,0,0,0.0,0,0,0.0,0,0,0.0,2,2,0.2,2,2,0.2,0,0,0.0,16,17,1.5,11,11,1.0,3,3,0.3,2,3,0.2,0,0,0.0,0,0,0.0,0,0,0.0,18,19,1.7,56,62,5.1
STATES:,19,Odisha,2,2,0.0,23,23,0.1,0,0,0.0,0,0,0.0,0,0,0.0,1,1,0.0,22,22,0.1,0,0,0.0,719,723,3.1,452,452,1.9,267,271,1.2,2483,2483,10.7,1786,1786,7.7,697,697,3.0,0,0,0.0,0,0,0.0,0,0,0.0,9,9,0.0,3236,3240,13.9,27449,27454,118.3
STATES:,20,Punjab,7,7,0.0,5,6,0.0,2,2,0.0,0,0,0.0,1,2,0.0,0,0,0.0,2,2,0.0,1,1,0.0,34,34,0.2,25,25,0.2,9,9,0.1,645,663,4.4,542,559,3.7,97,98,0.7,2,2,0.0,3,3,0.0,1,1,0.0,0,0,0.0,692,711,4.7,5348,5391,36.3
STATES:,21,Rajasthan,68,68,0.2,18,18,0.0,10,10,0.0,1,1,0.0,3,3,0.0,0,0,0.0,4,4,0.0,3,3,0.0,147,148,0.4,138,139,0.3,9,9,0.0,2272,2327,5.7,1612,1632,4.0,548,579,1.4,21,22,0.1,60,63,0.1,31,31,0.1,0,0,0.0,2508,2564,6.3,36563,37194,91.3
STATES:,22,Sikkim,0,0,0.0,0,0,0.0,0,0,0.0,0,0,0.0,0,0,0.0,0,0,0.0,0,0,0.0,0,0,0.0,3,3,0.9,3,3,0.9,0,0,0.0,76,101,23.0,54,60,16.4,17,32,5.2,5,9,1.5,0,0,0.0,0,0,0.0,0,0,0.0,79,104,23.9,131,163,39.7
STATES:,23,Tamil Nadu,106,110,0.3,597,857,1.5,221,361,0.6,63,75,0.2,48,71,0.1,37,50,0.1,228,300,0.6,5,5,0.0,96,96,0.2,65,65,0.2,31,31,0.1,6874,7019,17.8,5256,5285,13.6,1212,1300,3.1,364,392,0.9,20,20,0.1,22,22,0.1,3,3,0.0,7681,8090,19.9,11363,11808,29.4
STATES:,24,Telangana,6,6,0.0,61,76,0.3,12,22,0.1,0,0,0.0,0,0,0.0,0,0,0.0,49,54,0.3,0,0,0.0,251,255,1.3,20,21,0.1,231,234,1.2,2893,2934,15.2,2076,2101,10.9,744,755,3.9,65,70,0.3,6,6,0.0,2,2,0.0,0,0,0.0,3211,3271,16.9,24495,25106,128.6
STATES:,25,Tripura,0,0,0.0,0,0,0.0,0,0,0.0,0,0,0.0,0,0,0.0,0,0,0.0,0,0,0.0,0,0,0.0,7,7,0.3,7,7,0.3,0,0,0.0,164,167,8.0,115,117,5.6,37,38,1.8,12,12,0.6,0,0,0.0,0,0,0.0,0,0,0.0,171,174,8.3,716,724,34.8
STATES:,26,Uttar Pradesh,4482,4533,3.9,7,9,0.0,1,3,0.0,0,0,0.0,2,2,0.0,0,0,0.0,4,4,0.0,1,1,0.0,572,593,0.5,562,583,0.5,10,10,0.0,7969,7992,7.0,3570,3571,3.1,4277,4295,3.7,88,92,0.1,7,7,0.0,27,27,0.0,1,1,0.0,13032,13129,11.4,66398,67668,58.0
STATES:,27,Uttarakhand,564,564,9.8,4,4,0.1,0,0,0.0,1,1,0.0,3,3,0.1,0,0,0.0,0,0,0.0,0,0,0.0,83,89,1.4,82,88,1.4,1,1,0.0,933,936,16.2,614,616,10.7,307,307,5.3,6,6,0.1,3,3,0.1,3,4,0.1,1,1,0.0,1585,1594,27.6,3342,3432,58.1
STATES:,28,West Bengal,0,0,0.0,35,72,0.1,0,0,0.0,0,0,0.0,0,0,0.0,0,0,0.0,35,72,0.1,0,0,0.0,10,10,0.0,7,7,0.0,3,3,0.0,2761,2785,5.6,1830,1851,3.7,657,660,1.3,250,250,0.5,14,14,0.0,10,10,0.0,2,2,0.0,2808,2869,5.7,34360,34971,70.3
STATES:,,TOTAL STATE(S),12305,12395,1.9,1412,2268,0.2,454,857,0.1,162,220,0.0,181,360,0.0,125,140,0.0,490,691,0.1,614,623,0.1,3158,3208,0.5,2387,2429,0.4,771,779,0.1,65758,66587,9.9,41915,42276,6.3,19848,20207,3.0,3354,3444,0.5,444,456,0.1,197,204,0.0,21,21,0.0,83268,85102,12.5,423759,430922,63.8
UNION TERRITORIES:,29,A&N Islands,0,0,0.0,0,0,0.0,0,0,0.0,0,0,0.0,0,0,0.0,0,0,0.0,0,0,0.0,0,0,0.0,7,7,3.7,7,7,3.7,0,0,0.0,88,88,46.3,75,75,39.5,11,11,5.8,2,2,1.1,0,0,0.0,0,0,0.0,0,0,0.0,95,95,50.0,156,161,82.1
UNION TERRITORIES:,30,Chandigarh,0,0,0.0,2,4,0.3,0,0,0.0,0,0,0.0,2,4,0.3,0,0,0.0,0,0,0.0,0,0,0.0,4,4,0.7,2,2,0.3,2,2,0.3,2,2,0.3,0,0,0.0,2,2,0.3,0,0,0.0,0,0,0.0,0,0,0.0,0,0,0.0,8,10,1.4,452,454,77.9
UNION TERRITORIES:,31,D&N Haveli and Daman & Diu,0,0,0.0,0,0,0.0,0,0,0.0,0,0,0.0,0,0,0.0,0,0,0.0,0,0,0.0,,,,,,,,,,,,,28,28,6.1,22,22,4.8,3,3,0.7,2,2,0.4,1,1,0.2,0,0,0.0,0,0,0.0,29,29,6.3,86,86,18.7
UNION TERRITORIES:,32,Delhi,16,16,0.2,17,24,0.2,0,0,0.0,0,0,0.0,1,5,0.0,0,0,0.0,16,19,0.2,1,1,0.0,78,78,0.8,75,75,0.7,3,3,0.0,1489,1492,14.5,992,993,9.7,478,480,4.7,18,18,0.2,1,1,0.0,0,0,0.0,0,0,0.0,1601,1611,15.6,13396,13584,130.7
UNION TERRITORIES:,33,Jammu & Kashmir,9,9,0.1,2,2,0.0,0,0,0.0,0,0,0.0,0,0,0.0,2,2,0.0,0,0,0.0,0,0,0.0,34,36,0.5,33,35,0.5,1,1,0.0,300,300,4.6,222,222,3.4,64,64,1.0,7,7,0.1,5,5,0.1,2,2,0.0,0,0,0.0,345,347,5.3,3366,3391,51.4
UNION TERRITORIES:,34,Ladakh,0,0,0.0,0,0,0.0,0,0,0.0,0,0,0.0,0,0,0.0,0,0,0.0,0,0,0.0,1,1,0.8,0,0,0.0,0,0,0.0,0,0,0.0,6,6,4.6,4,4,3.1,2,2,1.5,0,0,0.0,0,0,0.0,0,0,0.0,0,0,0.0,7,7,5.4,34,34,26.2
UNION TERRITORIES:,35,Lakshadweep,0,0,0.0,0,0,0.0,0,0,0.0,0,0,0.0,0,0,0.0,0,0,0.0,0,0,0.0,0,0,0.0,0,0,0.0,0,0,0.0,0,0,0.0,5,5,16.7,1,1,3.3,3,3,10.0,0,0,0.0,1,1,3.3,0,0,0.0,0,0,0.0,5,5,16.7,13,13,43.3
UNION TERRITORIES:,36,Puducherry,13,13,1.5,3,3,0.3,0,0,0.0,0,0,0.0,0,0,0.0,0,0,0.0,3,3,0.3,0,0,0.0,6,6,0.7,6,6,0.7,0,0,0.0,133,133,14.9,82,82,9.2,24,24,2.7,27,27,3.0,0,0,0.0,0,0,0.0,0,0,0.0,155,155,17.4,272,272,30.6
UNION TERRITORIES:,,TOTAL UT(S),38,38,0.2,24,33,0.1,0,0,0.0,0,0,0.0,3,9,0.0,2,2,0.0,19,22,0.1,2,2,0.0,130,132,0.7,124,126,0.6,6,6,0.0,2051,2054,10.7,1398,1399,7.3,587,589,3.1,56,56,0.3,8,8,0.0,2,2,0.0,0,0,0.0,2245,2259,11.8,17775,17995,93.1
UNION TERRITORIES:,,TOTAL ALL INDIA,12343,12433,1.8,1436,2301,0.2,454,857,0.1,162,220,0.0,184,369,0.0,127,142,0.0,509,713,0.1,616,625,0.1,3288,3340,0.5,2511,2555,0.4,777,785,0.1,67809,68641,9.9,43313,43675,6.3,20435,20796,3.0,3410,3500,0.5,452,464,0.1,199,206,0.0,21,21,0.0,85513,87361,12.5,441534,448917,64.6
UNION TERRITORIES:,,D&N Haveli and 31 Daman & Diu,,,,,,,,,,,,,,,,,,,,,,0,0,0.0,1,1,0.2,1,1,0.2,0,0,0.0,,,,,,,,,,,,,,,,,,,,,,,,,,,
